{
"meta":{"test_sets":[],"test_metrics":[],"learn_metrics":[{"best_value":"Min","name":"RMSE"}],"launch_mode":"Train","parameters":"","iteration_count":1000,"learn_sets":["learn"],"name":"experiment"},
"iterations":[
{"learn":[4772.801467],"iteration":0,"passed_time":0.01738164908,"remaining_time":17.36426743},
{"learn":[4559.229143],"iteration":1,"passed_time":0.0352006274,"remaining_time":17.56511307},
{"learn":[4376.711875],"iteration":2,"passed_time":0.05942342649,"remaining_time":19.7483854},
{"learn":[4223.518985],"iteration":3,"passed_time":0.08465498612,"remaining_time":21.07909154},
{"learn":[4091.990292],"iteration":4,"passed_time":0.1054828055,"remaining_time":20.99107829},
{"learn":[3981.074898],"iteration":5,"passed_time":0.1279796629,"remaining_time":21.20196415},
{"learn":[3895.599007],"iteration":6,"passed_time":0.1468079787,"remaining_time":20.82576041},
{"learn":[3808.963204],"iteration":7,"passed_time":0.1641815433,"remaining_time":20.35851137},
{"learn":[3735.759231],"iteration":8,"passed_time":0.1813797163,"remaining_time":19.9719221},
{"learn":[3676.337723],"iteration":9,"passed_time":0.1981253224,"remaining_time":19.61440692},
{"learn":[3624.67065],"iteration":10,"passed_time":0.2135620489,"remaining_time":19.20116967},
{"learn":[3567.841347],"iteration":11,"passed_time":0.230840213,"remaining_time":19.0058442},
{"learn":[3520.30204],"iteration":12,"passed_time":0.2475562702,"remaining_time":18.79523375},
{"learn":[3481.258832],"iteration":13,"passed_time":0.263113848,"remaining_time":18.53073244},
{"learn":[3441.760692],"iteration":14,"passed_time":0.280186382,"remaining_time":18.39890575},
{"learn":[3409.562578],"iteration":15,"passed_time":0.2968735415,"remaining_time":18.2577228},
{"learn":[3383.128004],"iteration":16,"passed_time":0.3135411486,"remaining_time":18.13005583},
{"learn":[3359.873057],"iteration":17,"passed_time":0.3314531829,"remaining_time":18.08261254},
{"learn":[3329.233377],"iteration":18,"passed_time":0.3509707466,"remaining_time":18.12117381},
{"learn":[3306.579478],"iteration":19,"passed_time":0.3685815918,"remaining_time":18.060498},
{"learn":[3282.443811],"iteration":20,"passed_time":0.3912225736,"remaining_time":18.23842379},
{"learn":[3262.750168],"iteration":21,"passed_time":0.4108502034,"remaining_time":18.26415904},
{"learn":[3246.475603],"iteration":22,"passed_time":0.42735605,"remaining_time":18.15334178},
{"learn":[3232.97701],"iteration":23,"passed_time":0.4442982748,"remaining_time":18.06812984},
{"learn":[3216.612879],"iteration":24,"passed_time":0.4612726378,"remaining_time":17.98963288},
{"learn":[3203.03959],"iteration":25,"passed_time":0.4784859324,"remaining_time":17.92481916},
{"learn":[3191.652852],"iteration":26,"passed_time":0.493679151,"remaining_time":17.79073385},
{"learn":[3181.445541],"iteration":27,"passed_time":0.509393193,"remaining_time":17.68322084},
{"learn":[3167.777767],"iteration":28,"passed_time":0.5262897525,"remaining_time":17.62163275},
{"learn":[3157.494995],"iteration":29,"passed_time":0.5427708806,"remaining_time":17.54959181},
{"learn":[3148.925864],"iteration":30,"passed_time":0.5583838037,"remaining_time":17.45399696},
{"learn":[3141.302516],"iteration":31,"passed_time":0.5749318009,"remaining_time":17.39168698},
{"learn":[3131.763952],"iteration":32,"passed_time":0.5924642727,"remaining_time":17.36099854},
{"learn":[3125.021449],"iteration":33,"passed_time":0.6095610834,"remaining_time":17.31870608},
{"learn":[3115.604865],"iteration":34,"passed_time":0.626486273,"remaining_time":17.27312153},
{"learn":[3108.936289],"iteration":35,"passed_time":0.6443150613,"remaining_time":17.25332553},
{"learn":[3102.892391],"iteration":36,"passed_time":0.6677306019,"remaining_time":17.37904242},
{"learn":[3096.299126],"iteration":37,"passed_time":0.6919812382,"remaining_time":17.51805135},
{"learn":[3090.569324],"iteration":38,"passed_time":0.7124217661,"remaining_time":17.55480301},
{"learn":[3084.434916],"iteration":39,"passed_time":0.7351614898,"remaining_time":17.64387576},
{"learn":[3079.623431],"iteration":40,"passed_time":0.7515861848,"remaining_time":17.57978418},
{"learn":[3073.793472],"iteration":41,"passed_time":0.7694189207,"remaining_time":17.55007919},
{"learn":[3069.007363],"iteration":42,"passed_time":0.7861362331,"remaining_time":17.49610175},
{"learn":[3065.226461],"iteration":43,"passed_time":0.8018165856,"remaining_time":17.42128763},
{"learn":[3061.408156],"iteration":44,"passed_time":0.8179287675,"remaining_time":17.35826607},
{"learn":[3058.159955],"iteration":45,"passed_time":0.8343907256,"remaining_time":17.30453809},
{"learn":[3053.32879],"iteration":46,"passed_time":0.8518906156,"remaining_time":17.27344163},
{"learn":[3050.419586],"iteration":47,"passed_time":0.8675076546,"remaining_time":17.20556848},
{"learn":[3047.496653],"iteration":48,"passed_time":0.8843117792,"remaining_time":17.16286739},
{"learn":[3044.670161],"iteration":49,"passed_time":0.9022762502,"remaining_time":17.14324875},
{"learn":[3041.18803],"iteration":50,"passed_time":0.9219464341,"remaining_time":17.15543463},
{"learn":[3038.79626],"iteration":51,"passed_time":0.938538108,"remaining_time":17.11027166},
{"learn":[3035.193602],"iteration":52,"passed_time":0.9563921836,"remaining_time":17.08874336},
{"learn":[3032.628263],"iteration":53,"passed_time":0.9726697867,"remaining_time":17.03973367},
{"learn":[3029.424607],"iteration":54,"passed_time":0.990141618,"remaining_time":17.01243325},
{"learn":[3026.641147],"iteration":55,"passed_time":1.009673385,"remaining_time":17.0202085},
{"learn":[3024.219393],"iteration":56,"passed_time":1.032042821,"remaining_time":17.07397158},
{"learn":[3021.897997],"iteration":57,"passed_time":1.051705081,"remaining_time":17.08114114},
{"learn":[3020.1255],"iteration":58,"passed_time":1.068026563,"remaining_time":17.03411857},
{"learn":[3018.53061],"iteration":59,"passed_time":1.084032378,"remaining_time":16.98317392},
{"learn":[3016.464502],"iteration":60,"passed_time":1.10019827,"remaining_time":16.93583894},
{"learn":[3014.549743],"iteration":61,"passed_time":1.116273152,"remaining_time":16.88813253},
{"learn":[3013.210699],"iteration":62,"passed_time":1.13336773,"remaining_time":16.85659624},
{"learn":[3011.618115],"iteration":63,"passed_time":1.148636108,"remaining_time":16.79880308},
{"learn":[3010.096704],"iteration":64,"passed_time":1.164515138,"remaining_time":16.75110237},
{"learn":[3008.903451],"iteration":65,"passed_time":1.181630819,"remaining_time":16.72186644},
{"learn":[3007.866943],"iteration":66,"passed_time":1.198030305,"remaining_time":16.68301902},
{"learn":[3006.054826],"iteration":67,"passed_time":1.215097601,"remaining_time":16.65398477},
{"learn":[3004.292687],"iteration":68,"passed_time":1.233377065,"remaining_time":16.64165287},
{"learn":[3002.228491],"iteration":69,"passed_time":1.256500025,"remaining_time":16.69350034},
{"learn":[3001.16966],"iteration":70,"passed_time":1.28145081,"remaining_time":16.76715215},
{"learn":[2999.785353],"iteration":71,"passed_time":1.302624099,"remaining_time":16.78937728},
{"learn":[2998.508916],"iteration":72,"passed_time":1.325585638,"remaining_time":16.83312174},
{"learn":[2997.314774],"iteration":73,"passed_time":1.344463668,"remaining_time":16.82396428},
{"learn":[2996.324854],"iteration":74,"passed_time":1.36126612,"remaining_time":16.78894881},
{"learn":[2995.487832],"iteration":75,"passed_time":1.376810196,"remaining_time":16.73911344},
{"learn":[2994.596846],"iteration":76,"passed_time":1.394256405,"remaining_time":16.71296964},
{"learn":[2993.151639],"iteration":77,"passed_time":1.410691326,"remaining_time":16.6750949},
{"learn":[2991.756479],"iteration":78,"passed_time":1.427956678,"remaining_time":16.64744431},
{"learn":[2991.043944],"iteration":79,"passed_time":1.44477312,"remaining_time":16.61489088},
{"learn":[2989.668506],"iteration":80,"passed_time":1.462178074,"remaining_time":16.58940308},
{"learn":[2988.378727],"iteration":81,"passed_time":1.478800851,"remaining_time":16.55535587},
{"learn":[2986.967604],"iteration":82,"passed_time":1.495737507,"remaining_time":16.52519631},
{"learn":[2986.233037],"iteration":83,"passed_time":1.511535714,"remaining_time":16.48293707},
{"learn":[2985.37335],"iteration":84,"passed_time":1.529342573,"remaining_time":16.46292299},
{"learn":[2984.406392],"iteration":85,"passed_time":1.54832532,"remaining_time":16.45545747},
{"learn":[2983.299751],"iteration":86,"passed_time":1.565537351,"remaining_time":16.42914484},
{"learn":[2982.616802],"iteration":87,"passed_time":1.582826864,"remaining_time":16.40384204},
{"learn":[2981.644322],"iteration":88,"passed_time":1.60249433,"remaining_time":16.40305994},
{"learn":[2981.092294],"iteration":89,"passed_time":1.621624044,"remaining_time":16.39642089},
{"learn":[2980.335488],"iteration":90,"passed_time":1.639987787,"remaining_time":16.38185602},
{"learn":[2979.053702],"iteration":91,"passed_time":1.658332988,"remaining_time":16.36702558},
{"learn":[2978.048642],"iteration":92,"passed_time":1.67658975,"remaining_time":16.35125702},
{"learn":[2977.443669],"iteration":93,"passed_time":1.692244548,"remaining_time":16.31035703},
{"learn":[2976.546536],"iteration":94,"passed_time":1.709972036,"remaining_time":16.2897336},
{"learn":[2975.768043],"iteration":95,"passed_time":1.725930193,"remaining_time":16.25250932},
{"learn":[2975.309811],"iteration":96,"passed_time":1.74234744,"remaining_time":16.2199973},
{"learn":[2974.580502],"iteration":97,"passed_time":1.759045326,"remaining_time":16.19039677},
{"learn":[2973.698622],"iteration":98,"passed_time":1.775887321,"remaining_time":16.16236845},
{"learn":[2973.281111],"iteration":99,"passed_time":1.791585873,"remaining_time":16.12427285},
{"learn":[2972.431244],"iteration":100,"passed_time":1.808319004,"remaining_time":16.09582955},
{"learn":[2971.661795],"iteration":101,"passed_time":1.825670682,"remaining_time":16.07306149},
{"learn":[2970.88488],"iteration":102,"passed_time":1.843356374,"remaining_time":16.05330745},
{"learn":[2970.439789],"iteration":103,"passed_time":1.860307223,"remaining_time":16.02726223},
{"learn":[2970.102962],"iteration":104,"passed_time":1.879249245,"remaining_time":16.01836261},
{"learn":[2969.172864],"iteration":105,"passed_time":1.906079605,"remaining_time":16.07580346},
{"learn":[2968.658272],"iteration":106,"passed_time":1.932190757,"remaining_time":16.12566679},
{"learn":[2968.269535],"iteration":107,"passed_time":1.952949847,"remaining_time":16.1299191},
{"learn":[2967.820502],"iteration":108,"passed_time":1.973244101,"remaining_time":16.12991279},
{"learn":[2967.146243],"iteration":109,"passed_time":1.989748122,"remaining_time":16.09887117},
{"learn":[2966.622657],"iteration":110,"passed_time":2.006474631,"remaining_time":16.06987339},
{"learn":[2966.057516],"iteration":111,"passed_time":2.02293482,"remaining_time":16.03898322},
{"learn":[2965.58431],"iteration":112,"passed_time":2.039904326,"remaining_time":16.01234634},
{"learn":[2965.027543],"iteration":113,"passed_time":2.055589455,"remaining_time":15.97589699},
{"learn":[2964.400795],"iteration":114,"passed_time":2.072781973,"remaining_time":15.9514091},
{"learn":[2964.003412],"iteration":115,"passed_time":2.088991567,"remaining_time":15.91955643},
{"learn":[2963.483133],"iteration":116,"passed_time":2.105406894,"remaining_time":15.88952382},
{"learn":[2962.865421],"iteration":117,"passed_time":2.123471824,"remaining_time":15.87205211},
{"learn":[2962.398344],"iteration":118,"passed_time":2.140761033,"remaining_time":15.84882748},
{"learn":[2962.015325],"iteration":119,"passed_time":2.1610799,"remaining_time":15.84791927},
{"learn":[2961.323309],"iteration":120,"passed_time":2.17931962,"remaining_time":15.83158633},
{"learn":[2961.019093],"iteration":121,"passed_time":2.194545944,"remaining_time":15.79353557},
{"learn":[2960.738731],"iteration":122,"passed_time":2.211769359,"remaining_time":15.77009535},
{"learn":[2960.384105],"iteration":123,"passed_time":2.232026685,"remaining_time":15.76818852},
{"learn":[2960.077254],"iteration":124,"passed_time":2.250303451,"remaining_time":15.75212416},
{"learn":[2959.285084],"iteration":125,"passed_time":2.26902996,"remaining_time":15.73914432},
{"learn":[2958.860876],"iteration":126,"passed_time":2.287859973,"remaining_time":15.72678549},
{"learn":[2958.350503],"iteration":127,"passed_time":2.304216684,"remaining_time":15.69747616},
{"learn":[2957.698953],"iteration":128,"passed_time":2.321533205,"remaining_time":15.67484823},
{"learn":[2957.206086],"iteration":129,"passed_time":2.33968095,"remaining_time":15.65786482},
{"learn":[2956.83316],"iteration":130,"passed_time":2.356547952,"remaining_time":15.63236771},
{"learn":[2956.383761],"iteration":131,"passed_time":2.374329697,"remaining_time":15.61301649},
{"learn":[2955.712362],"iteration":132,"passed_time":2.391684889,"remaining_time":15.59090826},
{"learn":[2955.510494],"iteration":133,"passed_time":2.407128381,"remaining_time":15.55651625},
{"learn":[2954.833621],"iteration":134,"passed_time":2.424101988,"remaining_time":15.53220903},
{"learn":[2954.334487],"iteration":135,"passed_time":2.44125654,"remaining_time":15.50915919},
{"learn":[2953.940654],"iteration":136,"passed_time":2.459232104,"remaining_time":15.49136719},
{"learn":[2953.723384],"iteration":137,"passed_time":2.47983003,"remaining_time":15.4899528},
{"learn":[2953.365556],"iteration":138,"passed_time":2.504310221,"remaining_time":15.51231007},
{"learn":[2952.892947],"iteration":139,"passed_time":2.525900188,"remaining_time":15.51624401},
{"learn":[2952.581235],"iteration":140,"passed_time":2.548789065,"remaining_time":15.52772912},
{"learn":[2952.259975],"iteration":141,"passed_time":2.568439923,"remaining_time":15.51916517},
{"learn":[2951.930989],"iteration":142,"passed_time":2.584539766,"remaining_time":15.48916489},
{"learn":[2951.729467],"iteration":143,"passed_time":2.59870677,"remaining_time":15.44786802},
{"learn":[2951.278036],"iteration":144,"passed_time":2.615568952,"remaining_time":15.42283761},
{"learn":[2950.759787],"iteration":145,"passed_time":2.632692657,"remaining_time":15.39944883},
{"learn":[2950.115218],"iteration":146,"passed_time":2.649217275,"remaining_time":15.37266895},
{"learn":[2949.755948],"iteration":147,"passed_time":2.666772983,"remaining_time":15.35196339},
{"learn":[2949.391112],"iteration":148,"passed_time":2.684641649,"remaining_time":15.33308754},
{"learn":[2949.16192],"iteration":149,"passed_time":2.700903871,"remaining_time":15.30512194},
{"learn":[2948.790749],"iteration":150,"passed_time":2.718982422,"remaining_time":15.28752369},
{"learn":[2948.358728],"iteration":151,"passed_time":2.73712225,"remaining_time":15.27026098},
{"learn":[2947.834084],"iteration":152,"passed_time":2.755308055,"remaining_time":15.25324132},
{"learn":[2947.631588],"iteration":153,"passed_time":2.773985999,"remaining_time":15.2389101},
{"learn":[2947.36866],"iteration":154,"passed_time":2.791800717,"remaining_time":15.21981681},
{"learn":[2946.85088],"iteration":155,"passed_time":2.808955032,"remaining_time":15.19716697},
{"learn":[2946.52594],"iteration":156,"passed_time":2.826566175,"remaining_time":15.17704003},
{"learn":[2946.289934],"iteration":157,"passed_time":2.847390299,"remaining_time":15.17406729},
{"learn":[2946.158649],"iteration":158,"passed_time":2.864484186,"remaining_time":15.15113962},
{"learn":[2945.631342],"iteration":159,"passed_time":2.883521452,"remaining_time":15.13848762},
{"learn":[2945.244263],"iteration":160,"passed_time":2.901435538,"remaining_time":15.11990321},
{"learn":[2944.835806],"iteration":161,"passed_time":2.917903211,"remaining_time":15.09384501},
{"learn":[2944.377702],"iteration":162,"passed_time":2.935045078,"remaining_time":15.07136644},
{"learn":[2944.069631],"iteration":163,"passed_time":2.952181679,"remaining_time":15.04892612},
{"learn":[2943.844913],"iteration":164,"passed_time":2.96946344,"remaining_time":15.02728468},
{"learn":[2943.457629],"iteration":165,"passed_time":2.986865392,"remaining_time":15.00629962},
{"learn":[2943.309591],"iteration":166,"passed_time":3.003310526,"remaining_time":14.98058484},
{"learn":[2942.864362],"iteration":167,"passed_time":3.020543471,"remaining_time":14.95888195},
{"learn":[2942.686539],"iteration":168,"passed_time":3.037032655,"remaining_time":14.93357477},
{"learn":[2942.41182],"iteration":169,"passed_time":3.055473481,"remaining_time":14.91789993},
{"learn":[2942.084057],"iteration":170,"passed_time":3.072131654,"remaining_time":14.89355053},
{"learn":[2941.807538],"iteration":171,"passed_time":3.092853821,"remaining_time":14.88885444},
{"learn":[2941.614727],"iteration":172,"passed_time":3.118163403,"remaining_time":14.90590251},
{"learn":[2941.410691],"iteration":173,"passed_time":3.140796245,"remaining_time":14.90975689},
{"learn":[2941.173613],"iteration":174,"passed_time":3.163288885,"remaining_time":14.9126476},
{"learn":[2940.808152],"iteration":175,"passed_time":3.185176242,"remaining_time":14.91241604},
{"learn":[2940.548174],"iteration":176,"passed_time":3.201677204,"remaining_time":14.88689457},
{"learn":[2940.413194],"iteration":177,"passed_time":3.217535675,"remaining_time":14.85850744},
{"learn":[2940.279501],"iteration":178,"passed_time":3.232829269,"remaining_time":14.82766944},
{"learn":[2940.035607],"iteration":179,"passed_time":3.250479468,"remaining_time":14.8077398},
{"learn":[2939.607837],"iteration":180,"passed_time":3.266537123,"remaining_time":14.7806293},
{"learn":[2939.249873],"iteration":181,"passed_time":3.283496506,"remaining_time":14.75769309},
{"learn":[2938.886168],"iteration":182,"passed_time":3.301751834,"remaining_time":14.74060791},
{"learn":[2938.612746],"iteration":183,"passed_time":3.318728799,"remaining_time":14.71784076},
{"learn":[2938.309722],"iteration":184,"passed_time":3.337346659,"remaining_time":14.70236501},
{"learn":[2938.125539],"iteration":185,"passed_time":3.354110339,"remaining_time":14.67874095},
{"learn":[2937.840578],"iteration":186,"passed_time":3.374370986,"remaining_time":14.67039364},
{"learn":[2937.591568],"iteration":187,"passed_time":3.391741233,"remaining_time":14.64943554},
{"learn":[2937.247705],"iteration":188,"passed_time":3.410286685,"remaining_time":14.63355821},
{"learn":[2937.077869],"iteration":189,"passed_time":3.427662619,"remaining_time":14.61266695},
{"learn":[2936.82462],"iteration":190,"passed_time":3.447493688,"remaining_time":14.60221148},
{"learn":[2936.527134],"iteration":191,"passed_time":3.469054305,"remaining_time":14.59893686},
{"learn":[2936.311634],"iteration":192,"passed_time":3.488067973,"remaining_time":14.58482308},
{"learn":[2935.972613],"iteration":193,"passed_time":3.506389435,"remaining_time":14.56778291},
{"learn":[2935.762194],"iteration":194,"passed_time":3.523858696,"remaining_time":14.54721154},
{"learn":[2935.522074],"iteration":195,"passed_time":3.541381956,"remaining_time":14.52689333},
{"learn":[2935.241977],"iteration":196,"passed_time":3.558596725,"remaining_time":14.50534604},
{"learn":[2935.120753],"iteration":197,"passed_time":3.574135722,"remaining_time":14.47705479},
{"learn":[2934.898016],"iteration":198,"passed_time":3.591429502,"remaining_time":14.45595493},
{"learn":[2934.79934],"iteration":199,"passed_time":3.607187705,"remaining_time":14.42875082},
{"learn":[2934.601708],"iteration":200,"passed_time":3.624546096,"remaining_time":14.40802155},
{"learn":[2934.350666],"iteration":201,"passed_time":3.642415674,"remaining_time":14.38934509},
{"learn":[2934.238112],"iteration":202,"passed_time":3.659555068,"remaining_time":14.3678098},
{"learn":[2933.983742],"iteration":203,"passed_time":3.676531945,"remaining_time":14.34568347},
{"learn":[2933.851478],"iteration":204,"passed_time":3.692598915,"remaining_time":14.32007872},
{"learn":[2933.655169],"iteration":205,"passed_time":3.717682581,"remaining_time":14.32932024},
{"learn":[2933.432702],"iteration":206,"passed_time":3.743175439,"remaining_time":14.3397977},
{"learn":[2933.325866],"iteration":207,"passed_time":3.762994891,"remaining_time":14.3283267},
{"learn":[2932.963692],"iteration":208,"passed_time":3.786794622,"remaining_time":14.33183993},
{"learn":[2932.739904],"iteration":209,"passed_time":3.807175385,"remaining_time":14.32223121},
{"learn":[2932.51167],"iteration":210,"passed_time":3.824254062,"remaining_time":14.30017277},
{"learn":[2932.129046],"iteration":211,"passed_time":3.841970547,"remaining_time":14.28053203},
{"learn":[2931.957391],"iteration":212,"passed_time":3.860186306,"remaining_time":14.2627541},
{"learn":[2931.681793],"iteration":213,"passed_time":3.87704157,"remaining_time":14.23997511},
{"learn":[2931.339758],"iteration":214,"passed_time":3.894880689,"remaining_time":14.22084345},
{"learn":[2931.08758],"iteration":215,"passed_time":3.91171103,"remaining_time":14.19806226},
{"learn":[2930.977752],"iteration":216,"passed_time":3.92776539,"remaining_time":14.17253595},
{"learn":[2930.833926],"iteration":217,"passed_time":3.943724812,"remaining_time":14.14675598},
{"learn":[2930.686969],"iteration":218,"passed_time":3.961029756,"remaining_time":14.12586411},
{"learn":[2930.592198],"iteration":219,"passed_time":3.977760594,"remaining_time":14.10296938},
{"learn":[2930.331705],"iteration":220,"passed_time":3.998402892,"remaining_time":14.09391789},
{"learn":[2929.871195],"iteration":221,"passed_time":4.018364508,"remaining_time":14.08237652},
{"learn":[2929.65575],"iteration":222,"passed_time":4.037165105,"remaining_time":14.06671429},
{"learn":[2929.355913],"iteration":223,"passed_time":4.056838962,"remaining_time":14.05404926},
{"learn":[2929.037033],"iteration":224,"passed_time":4.078197443,"remaining_time":14.04712453},
{"learn":[2928.932957],"iteration":225,"passed_time":4.096697889,"remaining_time":14.03028392},
{"learn":[2928.708904],"iteration":226,"passed_time":4.115276747,"remaining_time":14.01369571},
{"learn":[2928.52809],"iteration":227,"passed_time":4.133029426,"remaining_time":13.99429262},
{"learn":[2928.391269],"iteration":228,"passed_time":4.149693987,"remaining_time":13.97124045},
{"learn":[2928.205798],"iteration":229,"passed_time":4.167390589,"remaining_time":13.95169893},
{"learn":[2928.045282],"iteration":230,"passed_time":4.184092775,"remaining_time":13.92886296},
{"learn":[2927.934263],"iteration":231,"passed_time":4.200532302,"remaining_time":13.90521038},
{"learn":[2927.573391],"iteration":232,"passed_time":4.217730878,"remaining_time":13.88411838},
{"learn":[2927.366915],"iteration":233,"passed_time":4.236390847,"remaining_time":13.86784354},
{"learn":[2927.154388],"iteration":234,"passed_time":4.254111552,"remaining_time":13.8484908},
{"learn":[2927.012855],"iteration":235,"passed_time":4.272343366,"remaining_time":13.83080649},
{"learn":[2926.818031],"iteration":236,"passed_time":4.291389951,"remaining_time":13.81574064},
{"learn":[2926.675959],"iteration":237,"passed_time":4.312153793,"remaining_time":13.80613945},
{"learn":[2926.485626],"iteration":238,"passed_time":4.3400148,"remaining_time":13.81904294},
{"learn":[2926.308099],"iteration":239,"passed_time":4.363064465,"remaining_time":13.81637081},
{"learn":[2926.23733],"iteration":240,"passed_time":4.38257175,"remaining_time":13.80237327},
{"learn":[2925.907299],"iteration":241,"passed_time":4.406461987,"remaining_time":13.80205862},
{"learn":[2925.653271],"iteration":242,"passed_time":4.425353159,"remaining_time":13.78597671},
{"learn":[2925.561097],"iteration":243,"passed_time":4.443124561,"remaining_time":13.76640233},
{"learn":[2925.278943],"iteration":244,"passed_time":4.461146067,"remaining_time":13.74761339},
{"learn":[2925.160613],"iteration":245,"passed_time":4.476854433,"remaining_time":13.72174082},
{"learn":[2924.920527],"iteration":246,"passed_time":4.493355936,"remaining_time":13.6983685},
{"learn":[2924.816735],"iteration":247,"passed_time":4.511766805,"remaining_time":13.68084128},
{"learn":[2924.643773],"iteration":248,"passed_time":4.528028398,"remaining_time":13.65682461},
{"learn":[2924.439355],"iteration":249,"passed_time":4.545249132,"remaining_time":13.6357474},
{"learn":[2924.279112],"iteration":250,"passed_time":4.561803994,"remaining_time":13.61271391},
{"learn":[2924.159984],"iteration":251,"passed_time":4.578253786,"remaining_time":13.58941997},
{"learn":[2923.989213],"iteration":252,"passed_time":4.595598517,"remaining_time":13.5688225},
{"learn":[2923.90602],"iteration":253,"passed_time":4.614505699,"remaining_time":13.55283957},
{"learn":[2923.710237],"iteration":254,"passed_time":4.631049874,"remaining_time":13.52993003},
{"learn":[2923.366399],"iteration":255,"passed_time":4.648866273,"remaining_time":13.51076761},
{"learn":[2923.226061],"iteration":256,"passed_time":4.665635873,"remaining_time":13.48858931},
{"learn":[2923.087554],"iteration":257,"passed_time":4.686993206,"remaining_time":13.47964713},
{"learn":[2922.900725],"iteration":258,"passed_time":4.708300295,"remaining_time":13.47046532},
{"learn":[2922.64983],"iteration":259,"passed_time":4.72732928,"remaining_time":13.45470641},
{"learn":[2922.452612],"iteration":260,"passed_time":4.746273817,"remaining_time":13.43868334},
{"learn":[2922.28308],"iteration":261,"passed_time":4.764620291,"remaining_time":13.42095334},
{"learn":[2922.154551],"iteration":262,"passed_time":4.781537304,"remaining_time":13.3992129},
{"learn":[2922.104005],"iteration":263,"passed_time":4.79831721,"remaining_time":13.37712677},
{"learn":[2921.884161],"iteration":264,"passed_time":4.81544571,"remaining_time":13.35604754},
{"learn":[2921.645334],"iteration":265,"passed_time":4.832198105,"remaining_time":13.33396019},
{"learn":[2921.49952],"iteration":266,"passed_time":4.849255268,"remaining_time":13.31274948},
{"learn":[2921.317139],"iteration":267,"passed_time":4.866895703,"remaining_time":13.29316289},
{"learn":[2921.239613],"iteration":268,"passed_time":4.883584248,"remaining_time":13.27100404},
{"learn":[2920.919791],"iteration":269,"passed_time":4.903469378,"remaining_time":13.25752832},
{"learn":[2920.734577],"iteration":270,"passed_time":4.922011758,"remaining_time":13.24039325},
{"learn":[2920.575492],"iteration":271,"passed_time":4.942809415,"remaining_time":13.22928402},
{"learn":[2920.181469],"iteration":272,"passed_time":4.969969036,"remaining_time":13.23504575},
{"learn":[2919.943389],"iteration":273,"passed_time":4.995556725,"remaining_time":13.23640213},
{"learn":[2919.864255],"iteration":274,"passed_time":5.018255017,"remaining_time":13.22994504},
{"learn":[2919.759437],"iteration":275,"passed_time":5.040119523,"remaining_time":13.2211831},
{"learn":[2919.633813],"iteration":276,"passed_time":5.057761682,"remaining_time":13.20130576},
{"learn":[2919.445221],"iteration":277,"passed_time":5.074688269,"remaining_time":13.17958608},
{"learn":[2919.238453],"iteration":278,"passed_time":5.091803124,"remaining_time":13.15838729},
{"learn":[2918.915855],"iteration":279,"passed_time":5.110042456,"remaining_time":13.14010917},
{"learn":[2918.672089],"iteration":280,"passed_time":5.126569998,"remaining_time":13.11745135},
{"learn":[2918.517219],"iteration":281,"passed_time":5.143577684,"remaining_time":13.09605949},
{"learn":[2918.438609],"iteration":282,"passed_time":5.16016617,"remaining_time":13.07363655},
{"learn":[2918.263902],"iteration":283,"passed_time":5.176738904,"remaining_time":13.05121498},
{"learn":[2918.097745],"iteration":284,"passed_time":5.194011386,"remaining_time":13.03058997},
{"learn":[2917.969075],"iteration":285,"passed_time":5.212756233,"remaining_time":13.01366416},
{"learn":[2917.829049],"iteration":286,"passed_time":5.2311242,"remaining_time":12.99578939},
{"learn":[2917.733097],"iteration":287,"passed_time":5.248496696,"remaining_time":12.97545017},
{"learn":[2917.576745],"iteration":288,"passed_time":5.268673075,"remaining_time":12.96202961},
{"learn":[2917.455662],"iteration":289,"passed_time":5.287951302,"remaining_time":12.94636353},
{"learn":[2917.323502],"iteration":290,"passed_time":5.306166491,"remaining_time":12.92808262},
{"learn":[2917.195298],"iteration":291,"passed_time":5.324510188,"remaining_time":12.91011374},
{"learn":[2917.019527],"iteration":292,"passed_time":5.346986305,"remaining_time":12.90211371},
{"learn":[2916.811456],"iteration":293,"passed_time":5.368442668,"remaining_time":12.89156641},
{"learn":[2916.59803],"iteration":294,"passed_time":5.388386246,"remaining_time":12.87732984},
{"learn":[2916.454961],"iteration":295,"passed_time":5.408219516,"remaining_time":12.86279236},
{"learn":[2916.234301],"iteration":296,"passed_time":5.425938439,"remaining_time":12.84321455},
{"learn":[2916.144698],"iteration":297,"passed_time":5.443304926,"remaining_time":12.82281899},
{"learn":[2915.934801],"iteration":298,"passed_time":5.462207745,"remaining_time":12.80604558},
{"learn":[2915.800833],"iteration":299,"passed_time":5.478968613,"remaining_time":12.7842601},
{"learn":[2915.5923],"iteration":300,"passed_time":5.495368637,"remaining_time":12.76167003},
{"learn":[2915.457758],"iteration":301,"passed_time":5.512193156,"remaining_time":12.74010206},
{"learn":[2915.338315],"iteration":302,"passed_time":5.530176276,"remaining_time":12.72123058},
{"learn":[2915.182428],"iteration":303,"passed_time":5.549326276,"remaining_time":12.70503647},
{"learn":[2914.975799],"iteration":304,"passed_time":5.566481235,"remaining_time":12.68427691},
{"learn":[2914.82454],"iteration":305,"passed_time":5.584652498,"remaining_time":12.66584586},
{"learn":[2914.710481],"iteration":306,"passed_time":5.607448792,"remaining_time":12.65785672},
{"learn":[2914.641035],"iteration":307,"passed_time":5.634788824,"remaining_time":12.65998009},
{"learn":[2914.456699],"iteration":308,"passed_time":5.659259211,"remaining_time":12.65549552},
{"learn":[2914.300141],"iteration":309,"passed_time":5.680424522,"remaining_time":12.64352555},
{"learn":[2914.023348],"iteration":310,"passed_time":5.698666004,"remaining_time":12.6250189},
{"learn":[2913.922381],"iteration":311,"passed_time":5.715140663,"remaining_time":12.60261787},
{"learn":[2913.707482],"iteration":312,"passed_time":5.733263265,"remaining_time":12.58387177},
{"learn":[2913.55692],"iteration":313,"passed_time":5.749176902,"remaining_time":12.56030368},
{"learn":[2913.441971],"iteration":314,"passed_time":5.765190778,"remaining_time":12.53700217},
{"learn":[2913.355753],"iteration":315,"passed_time":5.781971915,"remaining_time":12.51540756},
{"learn":[2913.220089],"iteration":316,"passed_time":5.800203401,"remaining_time":12.49696821},
{"learn":[2913.073134],"iteration":317,"passed_time":5.817032432,"remaining_time":12.47552239},
{"learn":[2912.935929],"iteration":318,"passed_time":5.834200562,"remaining_time":12.45482941},
{"learn":[2912.82871],"iteration":319,"passed_time":5.852652071,"remaining_time":12.43688565},
{"learn":[2912.751731],"iteration":320,"passed_time":5.870395101,"remaining_time":12.41744011},
{"learn":[2912.693393],"iteration":321,"passed_time":5.887788223,"remaining_time":12.39726837},
{"learn":[2912.534664],"iteration":322,"passed_time":5.905332119,"remaining_time":12.37742986},
{"learn":[2912.381581],"iteration":323,"passed_time":5.922834787,"remaining_time":12.35751949},
{"learn":[2912.250158],"iteration":324,"passed_time":5.940766207,"remaining_time":12.33851443},
{"learn":[2912.10267],"iteration":325,"passed_time":5.960069283,"remaining_time":12.32235183},
{"learn":[2911.985403],"iteration":326,"passed_time":5.977457224,"remaining_time":12.30222848},
{"learn":[2911.907792],"iteration":327,"passed_time":5.998879231,"remaining_time":12.29038672},
{"learn":[2911.771151],"iteration":328,"passed_time":6.020107252,"remaining_time":12.27809108},
{"learn":[2911.638813],"iteration":329,"passed_time":6.038997705,"remaining_time":12.26099534},
{"learn":[2911.540521],"iteration":330,"passed_time":6.058512588,"remaining_time":12.24515082},
{"learn":[2911.421244],"iteration":331,"passed_time":6.075829866,"remaining_time":12.2248625},
{"learn":[2911.287412],"iteration":332,"passed_time":6.093079907,"remaining_time":12.20445735},
{"learn":[2911.168762],"iteration":333,"passed_time":6.109481748,"remaining_time":12.18237977},
{"learn":[2910.977718],"iteration":334,"passed_time":6.12629651,"remaining_time":12.16115576},
{"learn":[2910.820066],"iteration":335,"passed_time":6.143682729,"remaining_time":12.1410873},
{"learn":[2910.586923],"iteration":336,"passed_time":6.161025117,"remaining_time":12.12094852},
{"learn":[2910.493519],"iteration":337,"passed_time":6.178306736,"remaining_time":12.10070728},
{"learn":[2910.277119],"iteration":338,"passed_time":6.196421467,"remaining_time":12.08210793},
{"learn":[2910.192862],"iteration":339,"passed_time":6.214568143,"remaining_time":12.06357345},
{"learn":[2910.097061],"iteration":340,"passed_time":6.232962837,"remaining_time":12.04552056},
{"learn":[2910.009427],"iteration":341,"passed_time":6.250892801,"remaining_time":12.02657153},
{"learn":[2909.917085],"iteration":342,"passed_time":6.278139352,"remaining_time":12.02547392},
{"learn":[2909.847886],"iteration":343,"passed_time":6.303145336,"remaining_time":12.01995157},
{"learn":[2909.754268],"iteration":344,"passed_time":6.328678096,"remaining_time":12.01531639},
{"learn":[2909.686698],"iteration":345,"passed_time":6.3503692,"remaining_time":12.00329901},
{"learn":[2909.465996],"iteration":346,"passed_time":6.368917284,"remaining_time":11.9853112},
{"learn":[2909.373473],"iteration":347,"passed_time":6.385141268,"remaining_time":11.96296582},
{"learn":[2909.273285],"iteration":348,"passed_time":6.401327736,"remaining_time":11.94058555},
{"learn":[2909.138801],"iteration":349,"passed_time":6.418701967,"remaining_time":11.92044651},
{"learn":[2909.032278],"iteration":350,"passed_time":6.434941783,"remaining_time":11.89822569},
{"learn":[2908.881082],"iteration":351,"passed_time":6.45246741,"remaining_time":11.87840591},
{"learn":[2908.737237],"iteration":352,"passed_time":6.46976126,"remaining_time":11.85817432},
{"learn":[2908.575106],"iteration":353,"passed_time":6.488057641,"remaining_time":11.8397888},
{"learn":[2908.423918],"iteration":354,"passed_time":6.506693892,"remaining_time":11.8220213},
{"learn":[2908.291662],"iteration":355,"passed_time":6.525199015,"remaining_time":11.8040117},
{"learn":[2908.202144],"iteration":356,"passed_time":6.542499272,"remaining_time":11.78382922},
{"learn":[2908.064714],"iteration":357,"passed_time":6.563468547,"remaining_time":11.77024248},
{"learn":[2907.951341],"iteration":358,"passed_time":6.580917464,"remaining_time":11.75032895},
{"learn":[2907.850646],"iteration":359,"passed_time":6.598965051,"remaining_time":11.73149342},
{"learn":[2907.729697],"iteration":360,"passed_time":6.616527486,"remaining_time":11.7118035},
{"learn":[2907.629835],"iteration":361,"passed_time":6.63507855,"remaining_time":11.69386772},
{"learn":[2907.30349],"iteration":362,"passed_time":6.659535425,"remaining_time":11.68629219},
{"learn":[2907.232658],"iteration":363,"passed_time":6.679451927,"remaining_time":11.67069073},
{"learn":[2907.098727],"iteration":364,"passed_time":6.698015332,"remaining_time":11.65271161},
{"learn":[2907.025491],"iteration":365,"passed_time":6.715687347,"remaining_time":11.63318518},
{"learn":[2906.914769],"iteration":366,"passed_time":6.732545274,"remaining_time":11.61226474},
{"learn":[2906.750567],"iteration":367,"passed_time":6.749525212,"remaining_time":11.59157591},
{"learn":[2906.649177],"iteration":368,"passed_time":6.767179374,"remaining_time":11.57206012},
{"learn":[2906.521352],"iteration":369,"passed_time":6.784785074,"remaining_time":11.55247188},
{"learn":[2906.351243],"iteration":370,"passed_time":6.802585327,"remaining_time":11.53322418},
{"learn":[2906.135648],"iteration":371,"passed_time":6.820272621,"remaining_time":11.51379356},
{"learn":[2905.951353],"iteration":372,"passed_time":6.839624338,"remaining_time":11.49717013},
{"learn":[2905.844675],"iteration":373,"passed_time":6.856726248,"remaining_time":11.47676639},
{"learn":[2905.791557],"iteration":374,"passed_time":6.874363092,"remaining_time":11.45727182},
{"learn":[2905.703505],"iteration":375,"passed_time":6.891157123,"remaining_time":11.43638842},
{"learn":[2905.624879],"iteration":376,"passed_time":6.917137338,"remaining_time":11.43070706},
{"learn":[2905.465787],"iteration":377,"passed_time":6.943711422,"remaining_time":11.42589552},
{"learn":[2905.257963],"iteration":378,"passed_time":6.967963189,"remaining_time":11.41716396},
{"learn":[2905.172755],"iteration":379,"passed_time":6.99117921,"remaining_time":11.40666082},
{"learn":[2904.996018],"iteration":380,"passed_time":7.010670874,"remaining_time":11.39004008},
{"learn":[2904.894685],"iteration":381,"passed_time":7.028215453,"remaining_time":11.37025432},
{"learn":[2904.824757],"iteration":382,"passed_time":7.046609292,"remaining_time":11.35184839},
{"learn":[2904.783362],"iteration":383,"passed_time":7.061628039,"remaining_time":11.32802831},
{"learn":[2904.708085],"iteration":384,"passed_time":7.079094687,"remaining_time":11.30816424},
{"learn":[2904.630843],"iteration":385,"passed_time":7.096760095,"remaining_time":11.28862875},
{"learn":[2904.51253],"iteration":386,"passed_time":7.113232952,"remaining_time":11.26721395},
{"learn":[2904.418242],"iteration":387,"passed_time":7.130296837,"remaining_time":11.24675687},
{"learn":[2904.289004],"iteration":388,"passed_time":7.147941279,"remaining_time":11.2272291},
{"learn":[2904.135441],"iteration":389,"passed_time":7.166407257,"remaining_time":11.20899597},
{"learn":[2904.024875],"iteration":390,"passed_time":7.184255259,"remaining_time":11.18979911},
{"learn":[2903.824058],"iteration":391,"passed_time":7.203488301,"remaining_time":11.17275737},
{"learn":[2903.643447],"iteration":392,"passed_time":7.223878962,"remaining_time":11.15749244},
{"learn":[2903.529263],"iteration":393,"passed_time":7.242548094,"remaining_time":11.13955367},
{"learn":[2903.438893],"iteration":394,"passed_time":7.261080829,"remaining_time":11.12140228},
{"learn":[2903.329949],"iteration":395,"passed_time":7.280700536,"remaining_time":11.10490688},
{"learn":[2903.178679],"iteration":396,"passed_time":7.302036783,"remaining_time":11.09100297},
{"learn":[2903.084344],"iteration":397,"passed_time":7.321636295,"remaining_time":11.0744348},
{"learn":[2903.009223],"iteration":398,"passed_time":7.340428238,"remaining_time":11.05663502},
{"learn":[2902.954831],"iteration":399,"passed_time":7.359086881,"remaining_time":11.03863032},
{"learn":[2902.787788],"iteration":400,"passed_time":7.377280609,"remaining_time":11.01992789},
{"learn":[2902.60722],"iteration":401,"passed_time":7.394884017,"remaining_time":11.00034986},
{"learn":[2902.513296],"iteration":402,"passed_time":7.413336,"remaining_time":10.98203869},
{"learn":[2902.440252],"iteration":403,"passed_time":7.429748515,"remaining_time":10.96071811},
{"learn":[2902.336932],"iteration":404,"passed_time":7.446629669,"remaining_time":10.94011025},
{"learn":[2902.135586],"iteration":405,"passed_time":7.464385368,"remaining_time":10.92080027},
{"learn":[2902.072336],"iteration":406,"passed_time":7.481980074,"remaining_time":10.90126335},
{"learn":[2901.991515],"iteration":407,"passed_time":7.499771911,"remaining_time":10.88202199},
{"learn":[2901.808925],"iteration":408,"passed_time":7.517825013,"remaining_time":10.86316524},
{"learn":[2901.761612],"iteration":409,"passed_time":7.536159026,"remaining_time":10.84471665},
{"learn":[2901.657233],"iteration":410,"passed_time":7.556195261,"remaining_time":10.82870805},
{"learn":[2901.548468],"iteration":411,"passed_time":7.582322795,"remaining_time":10.82137331},
{"learn":[2901.455877],"iteration":412,"passed_time":7.606836494,"remaining_time":10.81165381},
{"learn":[2901.252999],"iteration":413,"passed_time":7.630856165,"remaining_time":10.80116356},
{"learn":[2901.155255],"iteration":414,"passed_time":7.651265153,"remaining_time":10.78551835},
{"learn":[2901.041515],"iteration":415,"passed_time":7.670965674,"remaining_time":10.76885566},
{"learn":[2900.965236],"iteration":416,"passed_time":7.68885866,"remaining_time":10.74965132},
{"learn":[2900.908985],"iteration":417,"passed_time":7.705405213,"remaining_time":10.72857855},
{"learn":[2900.734207],"iteration":418,"passed_time":7.722928971,"remaining_time":10.70888242},
{"learn":[2900.582892],"iteration":419,"passed_time":7.739572453,"remaining_time":10.68798101},
{"learn":[2900.491521],"iteration":420,"passed_time":7.756368946,"remaining_time":10.66731026},
{"learn":[2900.360082],"iteration":421,"passed_time":7.773050481,"remaining_time":10.64650042},
{"learn":[2900.284062],"iteration":422,"passed_time":7.7894658,"remaining_time":10.62534697},
{"learn":[2900.185928],"iteration":423,"passed_time":7.806691148,"remaining_time":10.60531628},
{"learn":[2900.093283],"iteration":424,"passed_time":7.824692257,"remaining_time":10.58634835},
{"learn":[2900.001561],"iteration":425,"passed_time":7.843171376,"remaining_time":10.56802904},
{"learn":[2899.922327],"iteration":426,"passed_time":7.859342264,"remaining_time":10.54661152},
{"learn":[2899.701777],"iteration":427,"passed_time":7.878987325,"remaining_time":10.52986156},
{"learn":[2899.63731],"iteration":428,"passed_time":7.89928194,"remaining_time":10.51396267},
{"learn":[2899.50889],"iteration":429,"passed_time":7.918070413,"remaining_time":10.49604683},
{"learn":[2899.44383],"iteration":430,"passed_time":7.936166017,"remaining_time":10.47721221},
{"learn":[2899.3013],"iteration":431,"passed_time":7.955045125,"remaining_time":10.45941118},
{"learn":[2899.159147],"iteration":432,"passed_time":7.977599355,"remaining_time":10.44641763},
{"learn":[2899.059755],"iteration":433,"passed_time":7.998152874,"remaining_time":10.4307708},
{"learn":[2898.978088],"iteration":434,"passed_time":8.017820563,"remaining_time":10.41395085},
{"learn":[2898.904103],"iteration":435,"passed_time":8.035717835,"remaining_time":10.39482766},
{"learn":[2898.794199],"iteration":436,"passed_time":8.053703534,"remaining_time":10.375824},
{"learn":[2898.694684],"iteration":437,"passed_time":8.071988725,"remaining_time":10.35720928},
{"learn":[2898.584316],"iteration":438,"passed_time":8.089323941,"remaining_time":10.33738208},
{"learn":[2898.483181],"iteration":439,"passed_time":8.106566668,"remaining_time":10.31744849},
{"learn":[2898.417096],"iteration":440,"passed_time":8.124057512,"remaining_time":10.29784161},
{"learn":[2898.203464],"iteration":441,"passed_time":8.141198993,"remaining_time":10.27780325},
{"learn":[2898.027898],"iteration":442,"passed_time":8.159438958,"remaining_time":10.25915914},
{"learn":[2897.957017],"iteration":443,"passed_time":8.176639148,"remaining_time":10.23921479},
{"learn":[2897.899936],"iteration":444,"passed_time":8.193950968,"remaining_time":10.21942199},
{"learn":[2897.738204],"iteration":445,"passed_time":8.212653793,"remaining_time":10.20136816},
{"learn":[2897.66243],"iteration":446,"passed_time":8.231121055,"remaining_time":10.18302001},
{"learn":[2897.471282],"iteration":447,"passed_time":8.259493546,"remaining_time":10.17687598},
{"learn":[2897.38629],"iteration":448,"passed_time":8.284485495,"remaining_time":10.16648443},
{"learn":[2897.219056],"iteration":449,"passed_time":8.30756147,"remaining_time":10.15368624},
{"learn":[2897.138567],"iteration":450,"passed_time":8.329943874,"remaining_time":10.1399982},
{"learn":[2897.018453],"iteration":451,"passed_time":8.349200359,"remaining_time":10.12248185},
{"learn":[2896.93888],"iteration":452,"passed_time":8.3669469,"remaining_time":10.10313456},
{"learn":[2896.788794],"iteration":453,"passed_time":8.383828391,"remaining_time":10.08275397},
{"learn":[2896.656215],"iteration":454,"passed_time":8.400373859,"remaining_time":10.06198627},
{"learn":[2896.494494],"iteration":455,"passed_time":8.416805898,"remaining_time":10.04110177},
{"learn":[2896.4243],"iteration":456,"passed_time":8.433616727,"remaining_time":10.02068683},
{"learn":[2896.356727],"iteration":457,"passed_time":8.451284753,"remaining_time":10.00130204},
{"learn":[2896.316195],"iteration":458,"passed_time":8.469208729,"remaining_time":9.98222641},
{"learn":[2896.232628],"iteration":459,"passed_time":8.487838195,"remaining_time":9.963983968},
{"learn":[2896.165994],"iteration":460,"passed_time":8.505423835,"remaining_time":9.944519408},
{"learn":[2896.102233],"iteration":461,"passed_time":8.523636199,"remaining_time":9.925792803},
{"learn":[2895.986011],"iteration":462,"passed_time":8.542789888,"remaining_time":9.908160195},
{"learn":[2895.929485],"iteration":463,"passed_time":8.56185789,"remaining_time":9.890422046},
{"learn":[2895.79195],"iteration":464,"passed_time":8.580872867,"remaining_time":9.872617169},
{"learn":[2895.740928],"iteration":465,"passed_time":8.599312912,"remaining_time":9.854148273},
{"learn":[2895.569295],"iteration":466,"passed_time":8.621203875,"remaining_time":9.839618127},
{"learn":[2895.463983],"iteration":467,"passed_time":8.643168251,"remaining_time":9.825139978},
{"learn":[2895.391359],"iteration":468,"passed_time":8.662834774,"remaining_time":9.808028284},
{"learn":[2895.353452],"iteration":469,"passed_time":8.681118338,"remaining_time":9.789346211},
{"learn":[2895.284132],"iteration":470,"passed_time":8.69876422,"remaining_time":9.769949622},
{"learn":[2895.173768],"iteration":471,"passed_time":8.715251322,"remaining_time":9.749264191},
{"learn":[2895.089441],"iteration":472,"passed_time":8.732231333,"remaining_time":9.729145692},
{"learn":[2895.034691],"iteration":473,"passed_time":8.74861924,"remaining_time":9.708383376},
{"learn":[2894.977563],"iteration":474,"passed_time":8.765017114,"remaining_time":9.687650495},
{"learn":[2894.865644],"iteration":475,"passed_time":8.781827785,"remaining_time":9.667390251},
{"learn":[2894.791068],"iteration":476,"passed_time":8.801293408,"remaining_time":9.650055456},
{"learn":[2894.657046],"iteration":477,"passed_time":8.818133628,"remaining_time":9.629844674},
{"learn":[2894.551812],"iteration":478,"passed_time":8.836062463,"remaining_time":9.610832031},
{"learn":[2894.477662],"iteration":479,"passed_time":8.853540684,"remaining_time":9.591335741},
{"learn":[2894.342217],"iteration":480,"passed_time":8.871137099,"remaining_time":9.571975373},
{"learn":[2894.213357],"iteration":481,"passed_time":8.889451688,"remaining_time":9.553394137},
{"learn":[2894.079603],"iteration":482,"passed_time":8.910945674,"remaining_time":9.538217212},
{"learn":[2893.973228],"iteration":483,"passed_time":8.93540776,"remaining_time":9.526178521},
{"learn":[2893.914627],"iteration":484,"passed_time":8.958072528,"remaining_time":9.512180107},
{"learn":[2893.811371],"iteration":485,"passed_time":8.978145712,"remaining_time":9.495405136},
{"learn":[2893.725879],"iteration":486,"passed_time":8.999856543,"remaining_time":9.480341697},
{"learn":[2893.677415],"iteration":487,"passed_time":9.018599428,"remaining_time":9.462137105},
{"learn":[2893.570721],"iteration":488,"passed_time":9.03663581,"remaining_time":9.443192022},
{"learn":[2893.498338],"iteration":489,"passed_time":9.054051342,"remaining_time":9.423604458},
{"learn":[2893.171857],"iteration":490,"passed_time":9.07180483,"remaining_time":9.404376087},
{"learn":[2893.069118],"iteration":491,"passed_time":9.08831722,"remaining_time":9.383872252},
{"learn":[2892.992894],"iteration":492,"passed_time":9.106960664,"remaining_time":9.36557618},
{"learn":[2892.957421],"iteration":493,"passed_time":9.123965083,"remaining_time":9.345599862},
{"learn":[2892.853729],"iteration":494,"passed_time":9.141517311,"remaining_time":9.326194429},
{"learn":[2892.778278],"iteration":495,"passed_time":9.160373199,"remaining_time":9.308121154},
{"learn":[2892.512093],"iteration":496,"passed_time":9.178760894,"remaining_time":9.289570885},
{"learn":[2892.382287],"iteration":497,"passed_time":9.197421309,"remaining_time":9.271296179},
{"learn":[2892.299449],"iteration":498,"passed_time":9.217429067,"remaining_time":9.25437267},
{"learn":[2892.194519],"iteration":499,"passed_time":9.236699348,"remaining_time":9.236699348},
{"learn":[2892.05496],"iteration":500,"passed_time":9.254508707,"remaining_time":9.217564561},
{"learn":[2891.900632],"iteration":501,"passed_time":9.272702331,"remaining_time":9.198816257},
{"learn":[2891.834015],"iteration":502,"passed_time":9.293831335,"remaining_time":9.182970524},
{"learn":[2891.758995],"iteration":503,"passed_time":9.314845541,"remaining_time":9.16699085},
{"learn":[2891.706383],"iteration":504,"passed_time":9.333172496,"remaining_time":9.148357199},
{"learn":[2891.635689],"iteration":505,"passed_time":9.351890742,"remaining_time":9.130106772},
{"learn":[2891.473026],"iteration":506,"passed_time":9.369656556,"remaining_time":9.110928367},
{"learn":[2891.435644],"iteration":507,"passed_time":9.386365452,"remaining_time":9.090731895},
{"learn":[2891.325022],"iteration":508,"passed_time":9.40323741,"remaining_time":9.070706421},
{"learn":[2891.276936],"iteration":509,"passed_time":9.420686214,"remaining_time":9.051247539},
{"learn":[2891.183811],"iteration":510,"passed_time":9.437871631,"remaining_time":9.031544477},
{"learn":[2891.101944],"iteration":511,"passed_time":9.455786036,"remaining_time":9.012546066},
{"learn":[2890.981085],"iteration":512,"passed_time":9.473412016,"remaining_time":8.993278074},
{"learn":[2890.84355],"iteration":513,"passed_time":9.491538868,"remaining_time":8.974490058},
{"learn":[2890.756975],"iteration":514,"passed_time":9.509761587,"remaining_time":8.955794892},
{"learn":[2890.683095],"iteration":515,"passed_time":9.529138407,"remaining_time":8.938184088},
{"learn":[2890.620319],"iteration":516,"passed_time":9.546284744,"remaining_time":8.918482652},
{"learn":[2890.506203],"iteration":517,"passed_time":9.568511838,"remaining_time":8.903518737},
{"learn":[2890.378909],"iteration":518,"passed_time":9.596060948,"remaining_time":8.893459183},
{"learn":[2890.231265],"iteration":519,"passed_time":9.62144215,"remaining_time":8.881331215},
{"learn":[2890.156394],"iteration":520,"passed_time":9.643991032,"remaining_time":8.866548377},
{"learn":[2889.955135],"iteration":521,"passed_time":9.667818874,"remaining_time":8.852906939},
{"learn":[2889.738462],"iteration":522,"passed_time":9.686758379,"remaining_time":8.834768159},
{"learn":[2889.67295],"iteration":523,"passed_time":9.703572269,"remaining_time":8.81469542},
{"learn":[2889.578007],"iteration":524,"passed_time":9.721916482,"remaining_time":8.796019674},
{"learn":[2889.536162],"iteration":525,"passed_time":9.738880373,"remaining_time":8.776101325},
{"learn":[2889.386089],"iteration":526,"passed_time":9.756293409,"remaining_time":8.75659731},
{"learn":[2889.307609],"iteration":527,"passed_time":9.773883222,"remaining_time":8.737259243},
{"learn":[2889.190055],"iteration":528,"passed_time":9.790468258,"remaining_time":8.717033174},
{"learn":[2889.045592],"iteration":529,"passed_time":9.809111443,"remaining_time":8.698645997},
{"learn":[2888.949298],"iteration":530,"passed_time":9.826838322,"remaining_time":8.679448537},
{"learn":[2888.867101],"iteration":531,"passed_time":9.843972395,"remaining_time":8.659735114},
{"learn":[2888.793905],"iteration":532,"passed_time":9.863243341,"remaining_time":8.64190364},
{"learn":[2888.747194],"iteration":533,"passed_time":9.881296074,"remaining_time":8.62300369},
{"learn":[2888.683827],"iteration":534,"passed_time":9.900755471,"remaining_time":8.605329521},
{"learn":[2888.600969],"iteration":535,"passed_time":9.918195243,"remaining_time":8.58590036},
{"learn":[2888.528819],"iteration":536,"passed_time":9.936268553,"remaining_time":8.567024842},
{"learn":[2888.40486],"iteration":537,"passed_time":9.957426194,"remaining_time":8.550800932},
{"learn":[2888.359836],"iteration":538,"passed_time":9.976209801,"remaining_time":8.532528234},
{"learn":[2888.241581],"iteration":539,"passed_time":9.995928534,"remaining_time":8.515050233},
{"learn":[2888.147397],"iteration":540,"passed_time":10.01471536,"remaining_time":8.496773288},
{"learn":[2888.077151],"iteration":541,"passed_time":10.03377343,"remaining_time":8.478723677},
{"learn":[2888.044564],"iteration":542,"passed_time":10.05037278,"remaining_time":8.458601031},
{"learn":[2887.96714],"iteration":543,"passed_time":10.067678,"remaining_time":8.439083029},
{"learn":[2887.848654],"iteration":544,"passed_time":10.08558807,"remaining_time":8.420078113},
{"learn":[2887.780389],"iteration":545,"passed_time":10.10248581,"remaining_time":8.400235453},
{"learn":[2887.736374],"iteration":546,"passed_time":10.12022708,"remaining_time":8.381102131},
{"learn":[2887.590133],"iteration":547,"passed_time":10.14007921,"remaining_time":8.363714969},
{"learn":[2887.538273],"iteration":548,"passed_time":10.15864702,"remaining_time":8.34526376},
{"learn":[2887.46032],"iteration":549,"passed_time":10.17724913,"remaining_time":8.326840196},
{"learn":[2887.386264],"iteration":550,"passed_time":10.19457178,"remaining_time":8.307373373},
{"learn":[2887.282304],"iteration":551,"passed_time":10.2153908,"remaining_time":8.290751956},
{"learn":[2887.212322],"iteration":552,"passed_time":10.24367276,"remaining_time":8.280147781},
{"learn":[2887.106353],"iteration":553,"passed_time":10.26862243,"remaining_time":8.266797122},
{"learn":[2887.038006],"iteration":554,"passed_time":10.28962886,"remaining_time":8.250242957},
{"learn":[2886.931711],"iteration":555,"passed_time":10.31160321,"remaining_time":8.234445725},
{"learn":[2886.822929],"iteration":556,"passed_time":10.33003201,"remaining_time":8.215806426},
{"learn":[2886.769517],"iteration":557,"passed_time":10.34695111,"remaining_time":8.195972029},
{"learn":[2886.691887],"iteration":558,"passed_time":10.36395779,"remaining_time":8.17621715},
{"learn":[2886.618691],"iteration":559,"passed_time":10.38071973,"remaining_time":8.156279786},
{"learn":[2886.485649],"iteration":560,"passed_time":10.39820805,"remaining_time":8.136922167},
{"learn":[2886.236442],"iteration":561,"passed_time":10.41636886,"remaining_time":8.118095302},
{"learn":[2886.15155],"iteration":562,"passed_time":10.43324118,"remaining_time":8.098270683},
{"learn":[2886.071707],"iteration":563,"passed_time":10.45101355,"remaining_time":8.079152316},
{"learn":[2886.028947],"iteration":564,"passed_time":10.46840817,"remaining_time":8.059747881},
{"learn":[2885.936514],"iteration":565,"passed_time":10.48603249,"remaining_time":8.040526676},
{"learn":[2885.789495],"iteration":566,"passed_time":10.50393771,"remaining_time":8.021525625},
{"learn":[2885.714988],"iteration":567,"passed_time":10.52379478,"remaining_time":8.004012928},
{"learn":[2885.64281],"iteration":568,"passed_time":10.54094313,"remaining_time":7.984440228},
{"learn":[2885.493293],"iteration":569,"passed_time":10.55991352,"remaining_time":7.966250548},
{"learn":[2885.399918],"iteration":570,"passed_time":10.57847349,"remaining_time":7.947749786},
{"learn":[2885.335599],"iteration":571,"passed_time":10.59976644,"remaining_time":7.931293772},
{"learn":[2885.221522],"iteration":572,"passed_time":10.6203326,"remaining_time":7.914279266},
{"learn":[2885.16944],"iteration":573,"passed_time":10.63958118,"remaining_time":7.896274531},
{"learn":[2885.105588],"iteration":574,"passed_time":10.65708678,"remaining_time":7.876977182},
{"learn":[2885.055078],"iteration":575,"passed_time":10.67616928,"remaining_time":7.858846833},
{"learn":[2884.992747],"iteration":576,"passed_time":10.69366728,"remaining_time":7.83955158},
{"learn":[2884.884801],"iteration":577,"passed_time":10.71149965,"remaining_time":7.820506668},
{"learn":[2884.797781],"iteration":578,"passed_time":10.72830629,"remaining_time":7.800720121},
{"learn":[2884.642822],"iteration":579,"passed_time":10.74652484,"remaining_time":7.781966266},
{"learn":[2884.580368],"iteration":580,"passed_time":10.76380711,"remaining_time":7.762539033},
{"learn":[2884.467447],"iteration":581,"passed_time":10.78187878,"remaining_time":7.743686136},
{"learn":[2884.396553],"iteration":582,"passed_time":10.79937508,"remaining_time":7.724424368},
{"learn":[2884.274255],"iteration":583,"passed_time":10.81752993,"remaining_time":7.705637757},
{"learn":[2884.243001],"iteration":584,"passed_time":10.83485334,"remaining_time":7.68626348},
{"learn":[2884.173967],"iteration":585,"passed_time":10.85254858,"remaining_time":7.667158891},
{"learn":[2884.058224],"iteration":586,"passed_time":10.88017075,"remaining_time":7.655043478},
{"learn":[2884.017196],"iteration":587,"passed_time":10.90497157,"remaining_time":7.640898446},
{"learn":[2883.918962],"iteration":588,"passed_time":10.92920771,"remaining_time":7.626323206},
{"learn":[2883.846267],"iteration":589,"passed_time":10.94896519,"remaining_time":7.608602927},
{"learn":[2883.641916],"iteration":590,"passed_time":10.96866618,"remaining_time":7.590836664},
{"learn":[2883.572702],"iteration":591,"passed_time":10.98596881,"remaining_time":7.571410936},
{"learn":[2883.506163],"iteration":592,"passed_time":11.00340582,"remaining_time":7.552084604},
{"learn":[2883.431185],"iteration":593,"passed_time":11.02226087,"remaining_time":7.533733859},
{"learn":[2883.297388],"iteration":594,"passed_time":11.03925099,"remaining_time":7.514112018},
{"learn":[2883.19473],"iteration":595,"passed_time":11.05639195,"remaining_time":7.494601255},
{"learn":[2883.085627],"iteration":596,"passed_time":11.07439192,"remaining_time":7.475678296},
{"learn":[2883.016259],"iteration":597,"passed_time":11.09201031,"remaining_time":7.456501915},
{"learn":[2882.938276],"iteration":598,"passed_time":11.10981646,"remaining_time":7.437456429},
{"learn":[2882.856609],"iteration":599,"passed_time":11.12777117,"remaining_time":7.418514116},
{"learn":[2882.833764],"iteration":600,"passed_time":11.14544844,"remaining_time":7.399390893},
{"learn":[2882.775774],"iteration":601,"passed_time":11.1626221,"remaining_time":7.37993953},
{"learn":[2882.629748],"iteration":602,"passed_time":11.18163782,"remaining_time":7.36170848},
{"learn":[2882.528305],"iteration":603,"passed_time":11.20450831,"remaining_time":7.346002138},
{"learn":[2882.484762],"iteration":604,"passed_time":11.22559184,"remaining_time":7.329105413},
{"learn":[2882.429086],"iteration":605,"passed_time":11.24418078,"remaining_time":7.310572984},
{"learn":[2882.339745],"iteration":606,"passed_time":11.26612162,"remaining_time":7.294210539},
{"learn":[2882.276581],"iteration":607,"passed_time":11.28627751,"remaining_time":7.276678919},
{"learn":[2882.219161],"iteration":608,"passed_time":11.30583639,"remaining_time":7.258755383},
{"learn":[2882.109151],"iteration":609,"passed_time":11.32412898,"remaining_time":7.240016887},
{"learn":[2881.981982],"iteration":610,"passed_time":11.34181808,"remaining_time":7.220895638},
{"learn":[2881.892808],"iteration":611,"passed_time":11.35868376,"remaining_time":7.201257027},
{"learn":[2881.844611],"iteration":612,"passed_time":11.37641311,"remaining_time":7.182172713},
{"learn":[2881.782792],"iteration":613,"passed_time":11.39351736,"remaining_time":7.162699841},
{"learn":[2881.74542],"iteration":614,"passed_time":11.41076197,"remaining_time":7.143322533},
{"learn":[2881.622173],"iteration":615,"passed_time":11.42844956,"remaining_time":7.124228296},
{"learn":[2881.560547],"iteration":616,"passed_time":11.44668927,"remaining_time":7.105481348},
{"learn":[2881.523543],"iteration":617,"passed_time":11.46347826,"remaining_time":7.085839314},
{"learn":[2881.468647],"iteration":618,"passed_time":11.48169653,"remaining_time":7.067086232},
{"learn":[2881.39881],"iteration":619,"passed_time":11.50005588,"remaining_time":7.048421344},
{"learn":[2881.305039],"iteration":620,"passed_time":11.5184833,"remaining_time":7.029798989},
{"learn":[2881.253087],"iteration":621,"passed_time":11.53952102,"remaining_time":7.012763579},
{"learn":[2881.182359],"iteration":622,"passed_time":11.56609754,"remaining_time":6.999067049},
{"learn":[2881.105076],"iteration":623,"passed_time":11.59052474,"remaining_time":6.984034138},
{"learn":[2880.989079],"iteration":624,"passed_time":11.6147418,"remaining_time":6.968845079},
{"learn":[2880.916402],"iteration":625,"passed_time":11.63564998,"remaining_time":6.951650305},
{"learn":[2880.853539],"iteration":626,"passed_time":11.65305583,"remaining_time":6.932360165},
{"learn":[2880.765129],"iteration":627,"passed_time":11.67072323,"remaining_time":6.913230955},
{"learn":[2880.691011],"iteration":628,"passed_time":11.68811126,"remaining_time":6.893941615},
{"learn":[2880.629474],"iteration":629,"passed_time":11.70466312,"remaining_time":6.874167228},
{"learn":[2880.546785],"iteration":630,"passed_time":11.72228298,"remaining_time":6.855027605},
{"learn":[2880.460613],"iteration":631,"passed_time":11.73985248,"remaining_time":6.835863472},
{"learn":[2880.316331],"iteration":632,"passed_time":11.75724284,"remaining_time":6.816600508},
{"learn":[2880.269937],"iteration":633,"passed_time":11.77440684,"remaining_time":6.797212781},
{"learn":[2880.225342],"iteration":634,"passed_time":11.7912148,"remaining_time":6.777627404},
{"learn":[2880.179269],"iteration":635,"passed_time":11.80795584,"remaining_time":6.758012463},
{"learn":[2880.12562],"iteration":636,"passed_time":11.82478339,"remaining_time":6.738455841},
{"learn":[2880.052863],"iteration":637,"passed_time":11.84292377,"remaining_time":6.719652671},
{"learn":[2879.947876],"iteration":638,"passed_time":11.86243766,"remaining_time":6.701627534},
{"learn":[2879.901069],"iteration":639,"passed_time":11.88134766,"remaining_time":6.683258057},
{"learn":[2879.808346],"iteration":640,"passed_time":11.89989954,"remaining_time":6.664686328},
{"learn":[2879.624697],"iteration":641,"passed_time":11.91812413,"remaining_time":6.645932145},
{"learn":[2879.551223],"iteration":642,"passed_time":11.93735877,"remaining_time":6.627740404},
{"learn":[2879.48227],"iteration":643,"passed_time":11.96071341,"remaining_time":6.61182294},
{"learn":[2879.409364],"iteration":644,"passed_time":11.98167932,"remaining_time":6.59456769},
{"learn":[2879.344165],"iteration":645,"passed_time":12.00014719,"remaining_time":6.575932053},
{"learn":[2879.265461],"iteration":646,"passed_time":12.01784534,"remaining_time":6.556876976},
{"learn":[2879.125925],"iteration":647,"passed_time":12.0352156,"remaining_time":6.537647983},
{"learn":[2879.045701],"iteration":648,"passed_time":12.05242643,"remaining_time":6.518338483},
{"learn":[2878.951363],"iteration":649,"passed_time":12.06974834,"remaining_time":6.49909526},
{"learn":[2878.826706],"iteration":650,"passed_time":12.08694072,"remaining_time":6.479788497},
{"learn":[2878.75065],"iteration":651,"passed_time":12.10450389,"remaining_time":6.460686124},
{"learn":[2878.708359],"iteration":652,"passed_time":12.12266421,"remaining_time":6.441905789},
{"learn":[2878.653593],"iteration":653,"passed_time":12.1411205,"remaining_time":6.423283933},
{"learn":[2878.593085],"iteration":654,"passed_time":12.15868482,"remaining_time":6.40419277},
{"learn":[2878.483641],"iteration":655,"passed_time":12.17686234,"remaining_time":6.385427811},
{"learn":[2878.428814],"iteration":656,"passed_time":12.19448609,"remaining_time":6.366375541},
{"learn":[2878.394044],"iteration":657,"passed_time":12.2197896,"remaining_time":6.351319212},
{"learn":[2878.278202],"iteration":658,"passed_time":12.24601778,"remaining_time":6.336710262},
{"learn":[2878.229685],"iteration":659,"passed_time":12.27006039,"remaining_time":6.3209402},
{"learn":[2878.170429],"iteration":660,"passed_time":12.29353332,"remaining_time":6.304852941},
{"learn":[2878.1024],"iteration":661,"passed_time":12.31522233,"remaining_time":6.287832551},
{"learn":[2878.026496],"iteration":662,"passed_time":12.33425908,"remaining_time":6.269449942},
{"learn":[2877.959163],"iteration":663,"passed_time":12.35194344,"remaining_time":6.250381019},
{"learn":[2877.909705],"iteration":664,"passed_time":12.36900479,"remaining_time":6.231002415},
{"learn":[2877.831125],"iteration":665,"passed_time":12.38592609,"remaining_time":6.21156053},
{"learn":[2877.6285],"iteration":666,"passed_time":12.40417864,"remaining_time":6.192790838},
{"learn":[2877.577829],"iteration":667,"passed_time":12.42135322,"remaining_time":6.173486928},
{"learn":[2877.547272],"iteration":668,"passed_time":12.43876233,"remaining_time":6.154305426},
{"learn":[2877.496758],"iteration":669,"passed_time":12.45584819,"remaining_time":6.134970002},
{"learn":[2877.464],"iteration":670,"passed_time":12.47391714,"remaining_time":6.116123305},
{"learn":[2877.309709],"iteration":671,"passed_time":12.49195142,"remaining_time":6.097262005},
{"learn":[2877.269149],"iteration":672,"passed_time":12.50989105,"remaining_time":6.078357166},
{"learn":[2877.174061],"iteration":673,"passed_time":12.5294597,"remaining_time":6.060243117},
{"learn":[2877.081328],"iteration":674,"passed_time":12.54940328,"remaining_time":6.042305282},
{"learn":[2877.032496],"iteration":675,"passed_time":12.5662498,"remaining_time":6.022877123},
{"learn":[2876.97276],"iteration":676,"passed_time":12.5835069,"remaining_time":6.00365248},
{"learn":[2876.914696],"iteration":677,"passed_time":12.60564042,"remaining_time":5.986749581},
{"learn":[2876.839337],"iteration":678,"passed_time":12.62556738,"remaining_time":5.968788115},
{"learn":[2876.730187],"iteration":679,"passed_time":12.64464662,"remaining_time":5.950421939},
{"learn":[2876.662643],"iteration":680,"passed_time":12.66221253,"remaining_time":5.931344785},
{"learn":[2876.595797],"iteration":681,"passed_time":12.67947205,"remaining_time":5.912129197},
{"learn":[2876.550366],"iteration":682,"passed_time":12.69628143,"remaining_time":5.892710414},
{"learn":[2876.481418],"iteration":683,"passed_time":12.71400004,"remaining_time":5.873719315},
{"learn":[2876.437196],"iteration":684,"passed_time":12.73086181,"remaining_time":5.854337913},
{"learn":[2876.257883],"iteration":685,"passed_time":12.74904164,"remaining_time":5.835567166},
{"learn":[2876.137113],"iteration":686,"passed_time":12.76717755,"remaining_time":5.816778128},
{"learn":[2876.082155],"iteration":687,"passed_time":12.78567977,"remaining_time":5.798157107},
{"learn":[2875.929244],"iteration":688,"passed_time":12.80445321,"remaining_time":5.779658851},
{"learn":[2875.774869],"iteration":689,"passed_time":12.82306339,"remaining_time":5.761086449},
{"learn":[2875.700172],"iteration":690,"passed_time":12.84094808,"remaining_time":5.742189517},
{"learn":[2875.558469],"iteration":691,"passed_time":12.85871907,"remaining_time":5.723244902},
{"learn":[2875.513599],"iteration":692,"passed_time":12.88017378,"remaining_time":5.70593557},
{"learn":[2875.461612],"iteration":693,"passed_time":12.90558424,"remaining_time":5.690358467},
{"learn":[2875.382805],"iteration":694,"passed_time":12.92893763,"remaining_time":5.673850326},
{"learn":[2875.337781],"iteration":695,"passed_time":12.95232152,"remaining_time":5.657335837},
{"learn":[2875.211801],"iteration":696,"passed_time":12.97428374,"remaining_time":5.640183605},
{"learn":[2875.17424],"iteration":697,"passed_time":12.99307502,"remaining_time":5.621645638},
{"learn":[2875.088918],"iteration":698,"passed_time":13.01025634,"remaining_time":5.602413673},
{"learn":[2875.044318],"iteration":699,"passed_time":13.02754701,"remaining_time":5.583234431},
{"learn":[2874.934241],"iteration":700,"passed_time":13.04601777,"remaining_time":5.564563927},
{"learn":[2874.88295],"iteration":701,"passed_time":13.06401076,"remaining_time":5.545691178},
{"learn":[2874.818983],"iteration":702,"passed_time":13.08050703,"remaining_time":5.526188601},
{"learn":[2874.770333],"iteration":703,"passed_time":13.09800624,"remaining_time":5.507116258},
{"learn":[2874.708526],"iteration":704,"passed_time":13.11525409,"remaining_time":5.4879432},
{"learn":[2874.601985],"iteration":705,"passed_time":13.13257459,"remaining_time":5.46880585},
{"learn":[2874.516952],"iteration":706,"passed_time":13.14991951,"remaining_time":5.449683756},
{"learn":[2874.482131],"iteration":707,"passed_time":13.16675429,"remaining_time":5.43035629},
{"learn":[2874.354408],"iteration":708,"passed_time":13.18505558,"remaining_time":5.411637762},
{"learn":[2874.312659],"iteration":709,"passed_time":13.20592836,"remaining_time":5.393970737},
{"learn":[2874.226843],"iteration":710,"passed_time":13.22446806,"remaining_time":5.37534637},
{"learn":[2874.147139],"iteration":711,"passed_time":13.24211145,"remaining_time":5.356359687},
{"learn":[2874.108735],"iteration":712,"passed_time":13.26055837,"remaining_time":5.337700214},
{"learn":[2874.057295],"iteration":713,"passed_time":13.28125789,"remaining_time":5.319943636},
{"learn":[2874.022655],"iteration":714,"passed_time":13.30239248,"remaining_time":5.302352249},
{"learn":[2873.922261],"iteration":715,"passed_time":13.32197043,"remaining_time":5.284133522},
{"learn":[2873.818606],"iteration":716,"passed_time":13.34153069,"remaining_time":5.265904023},
{"learn":[2873.745643],"iteration":717,"passed_time":13.35929626,"remaining_time":5.246965942},
{"learn":[2873.695192],"iteration":718,"passed_time":13.37674586,"remaining_time":5.227907631},
{"learn":[2873.616145],"iteration":719,"passed_time":13.39387002,"remaining_time":5.208727231},
{"learn":[2873.523186],"iteration":720,"passed_time":13.41165538,"remaining_time":5.189808394},
{"learn":[2873.463673],"iteration":721,"passed_time":13.42964636,"remaining_time":5.170971865},
{"learn":[2873.404219],"iteration":722,"passed_time":13.446428,"remaining_time":5.151674352},
{"learn":[2873.331275],"iteration":723,"passed_time":13.46459796,"remaining_time":5.132913034},
{"learn":[2873.271567],"iteration":724,"passed_time":13.48364819,"remaining_time":5.114487245},
{"learn":[2873.154182],"iteration":725,"passed_time":13.50120299,"remaining_time":5.095495344},
{"learn":[2873.093672],"iteration":726,"passed_time":13.5192673,"remaining_time":5.076698723},
{"learn":[2873.057419],"iteration":727,"passed_time":13.53751014,"remaining_time":5.057970821},
{"learn":[2872.920178],"iteration":728,"passed_time":13.55987728,"remaining_time":5.040777426},
{"learn":[2872.824881],"iteration":729,"passed_time":13.58528529,"remaining_time":5.024694561},
{"learn":[2872.773239],"iteration":730,"passed_time":13.60991782,"remaining_time":5.008300812},
{"learn":[2872.641363],"iteration":731,"passed_time":13.63265261,"remaining_time":4.991189752},
{"learn":[2872.576396],"iteration":732,"passed_time":13.6540074,"remaining_time":4.973560678},
{"learn":[2872.420587],"iteration":733,"passed_time":13.67129286,"remaining_time":4.954446731},
{"learn":[2872.371769],"iteration":734,"passed_time":13.68793525,"remaining_time":4.935105908},
{"learn":[2872.313962],"iteration":735,"passed_time":13.7062343,"remaining_time":4.91636665},
{"learn":[2872.213282],"iteration":736,"passed_time":13.72199244,"remaining_time":4.896721863},
{"learn":[2872.131735],"iteration":737,"passed_time":13.7391244,"remaining_time":4.877575328},
{"learn":[2872.029832],"iteration":738,"passed_time":13.75591566,"remaining_time":4.85831392},
{"learn":[2871.942733],"iteration":739,"passed_time":13.77447239,"remaining_time":4.839679489},
{"learn":[2871.834297],"iteration":740,"passed_time":13.79174171,"remaining_time":4.820595279},
{"learn":[2871.76692],"iteration":741,"passed_time":13.80889358,"remaining_time":4.801475126},
{"learn":[2871.683386],"iteration":742,"passed_time":13.82779664,"remaining_time":4.782965997},
{"learn":[2871.645144],"iteration":743,"passed_time":13.84713503,"remaining_time":4.764605602},
{"learn":[2871.569011],"iteration":744,"passed_time":13.86506443,"remaining_time":4.745760309},
{"learn":[2871.501279],"iteration":745,"passed_time":13.8842995,"remaining_time":4.727362028},
{"learn":[2871.442677],"iteration":746,"passed_time":13.90276671,"remaining_time":4.708701442},
{"learn":[2871.372235],"iteration":747,"passed_time":13.92099068,"remaining_time":4.689959426},
{"learn":[2871.317886],"iteration":748,"passed_time":13.93890474,"remaining_time":4.671114939},
{"learn":[2871.209695],"iteration":749,"passed_time":13.96181176,"remaining_time":4.653937253},
{"learn":[2871.168895],"iteration":750,"passed_time":13.98125275,"remaining_time":4.635595119},
{"learn":[2871.096482],"iteration":751,"passed_time":14.00130467,"remaining_time":4.617451539},
{"learn":[2871.01634],"iteration":752,"passed_time":14.0195912,"remaining_time":4.598723805},
{"learn":[2870.867606],"iteration":753,"passed_time":14.03720307,"remaining_time":4.57977713},
{"learn":[2870.827636],"iteration":754,"passed_time":14.0537617,"remaining_time":4.560492208},
{"learn":[2870.544324],"iteration":755,"passed_time":14.07267468,"remaining_time":4.541974367},
{"learn":[2870.443817],"iteration":756,"passed_time":14.09037762,"remaining_time":4.523067055},
{"learn":[2870.333277],"iteration":757,"passed_time":14.10736887,"remaining_time":4.503935706},
{"learn":[2870.240808],"iteration":758,"passed_time":14.12525308,"remaining_time":4.485093533},
{"learn":[2870.192069],"iteration":759,"passed_time":14.14260106,"remaining_time":4.466084544},
{"learn":[2870.094322],"iteration":760,"passed_time":14.16058722,"remaining_time":4.447280349},
{"learn":[2870.026546],"iteration":761,"passed_time":14.17870971,"remaining_time":4.428520881},
{"learn":[2869.942825],"iteration":762,"passed_time":14.19954096,"remaining_time":4.410604466},
{"learn":[2869.892521],"iteration":763,"passed_time":14.22155061,"remaining_time":4.39304443},
{"learn":[2869.85018],"iteration":764,"passed_time":14.24469613,"remaining_time":4.375821686},
{"learn":[2869.620713],"iteration":765,"passed_time":14.26992202,"remaining_time":4.359218998},
{"learn":[2869.522273],"iteration":766,"passed_time":14.2953673,"remaining_time":4.34266047},
{"learn":[2869.478639],"iteration":767,"passed_time":14.31562256,"remaining_time":4.324510981},
{"learn":[2869.445493],"iteration":768,"passed_time":14.33375395,"remaining_time":4.305718026},
{"learn":[2869.403708],"iteration":769,"passed_time":14.35234788,"remaining_time":4.287064952},
{"learn":[2869.367343],"iteration":770,"passed_time":14.36964653,"remaining_time":4.268027308},
{"learn":[2869.247869],"iteration":771,"passed_time":14.38753727,"remaining_time":4.249169039},
{"learn":[2869.150273],"iteration":772,"passed_time":14.40599724,"remaining_time":4.230480432},
{"learn":[2869.061168],"iteration":773,"passed_time":14.4236967,"remaining_time":4.211570354},
{"learn":[2868.949757],"iteration":774,"passed_time":14.44133746,"remaining_time":4.192646358},
{"learn":[2868.83919],"iteration":775,"passed_time":14.45844471,"remaining_time":4.173571669},
{"learn":[2868.794596],"iteration":776,"passed_time":14.4757233,"remaining_time":4.154551219},
{"learn":[2868.677335],"iteration":777,"passed_time":14.4940304,"remaining_time":4.135828725},
{"learn":[2868.607415],"iteration":778,"passed_time":14.51263393,"remaining_time":4.117191397},
{"learn":[2868.503162],"iteration":779,"passed_time":14.53112404,"remaining_time":4.098522165},
{"learn":[2868.44806],"iteration":780,"passed_time":14.54902042,"remaining_time":4.079686904},
{"learn":[2868.386303],"iteration":781,"passed_time":14.57075848,"remaining_time":4.061924999},
{"learn":[2868.325224],"iteration":782,"passed_time":14.58964852,"remaining_time":4.043363638},
{"learn":[2868.272504],"iteration":783,"passed_time":14.61047169,"remaining_time":4.025334038},
{"learn":[2868.206818],"iteration":784,"passed_time":14.63204662,"remaining_time":4.007503215},
{"learn":[2868.139899],"iteration":785,"passed_time":14.65231024,"remaining_time":3.989305841},
{"learn":[2868.050633],"iteration":786,"passed_time":14.67173758,"remaining_time":3.970876881},
{"learn":[2867.996027],"iteration":787,"passed_time":14.69039233,"remaining_time":3.952237529},
{"learn":[2867.90718],"iteration":788,"passed_time":14.70766859,"remaining_time":3.933229496},
{"learn":[2867.859946],"iteration":789,"passed_time":14.7233755,"remaining_time":3.913808678},
{"learn":[2867.816339],"iteration":790,"passed_time":14.74011141,"remaining_time":3.894669134},
{"learn":[2867.774803],"iteration":791,"passed_time":14.75618184,"remaining_time":3.875360888},
{"learn":[2867.716933],"iteration":792,"passed_time":14.77366126,"remaining_time":3.856428601},
{"learn":[2867.662566],"iteration":793,"passed_time":14.78963923,"remaining_time":3.837110429},
{"learn":[2867.575278],"iteration":794,"passed_time":14.80901355,"remaining_time":3.818676449},
{"learn":[2867.496871],"iteration":795,"passed_time":14.82640361,"remaining_time":3.799731579},
{"learn":[2867.448838],"iteration":796,"passed_time":14.84547626,"remaining_time":3.781219174},
{"learn":[2867.377477],"iteration":797,"passed_time":14.86351247,"remaining_time":3.762443007},
{"learn":[2867.32583],"iteration":798,"passed_time":14.88156577,"remaining_time":3.743672992},
{"learn":[2867.201084],"iteration":799,"passed_time":14.90992505,"remaining_time":3.727481263},
{"learn":[2867.153273],"iteration":800,"passed_time":14.9330169,"remaining_time":3.709950516},
{"learn":[2867.08404],"iteration":801,"passed_time":14.95566369,"remaining_time":3.692296023},
{"learn":[2867.001616],"iteration":802,"passed_time":14.97808675,"remaining_time":3.674574209},
{"learn":[2866.887281],"iteration":803,"passed_time":14.99848725,"remaining_time":3.656347639},
{"learn":[2866.809441],"iteration":804,"passed_time":15.01693123,"remaining_time":3.637641725},
{"learn":[2866.688842],"iteration":805,"passed_time":15.03493721,"remaining_time":3.618831039},
{"learn":[2866.628981],"iteration":806,"passed_time":15.05225583,"remaining_time":3.599857961},
{"learn":[2866.579536],"iteration":807,"passed_time":15.06983738,"remaining_time":3.580951456},
{"learn":[2866.52178],"iteration":808,"passed_time":15.08697766,"remaining_time":3.561944046},
{"learn":[2866.482612],"iteration":809,"passed_time":15.10363918,"remaining_time":3.542828944},
{"learn":[2866.437127],"iteration":810,"passed_time":15.12049697,"remaining_time":3.523765633},
{"learn":[2866.337135],"iteration":811,"passed_time":15.13753599,"remaining_time":3.504749711},
{"learn":[2866.253971],"iteration":812,"passed_time":15.15434998,"remaining_time":3.485686895},
{"learn":[2866.210772],"iteration":813,"passed_time":15.17273949,"remaining_time":3.466989612},
{"learn":[2866.097092],"iteration":814,"passed_time":15.19264022,"remaining_time":3.448636125},
{"learn":[2866.029569],"iteration":815,"passed_time":15.21048066,"remaining_time":3.429814266},
{"learn":[2865.98395],"iteration":816,"passed_time":15.22778521,"remaining_time":3.410874778},
{"learn":[2865.943895],"iteration":817,"passed_time":15.24511268,"remaining_time":3.391944386},
{"learn":[2865.857267],"iteration":818,"passed_time":15.26401382,"remaining_time":3.373365691},
{"learn":[2865.811548],"iteration":819,"passed_time":15.28202132,"remaining_time":3.354590046},
{"learn":[2865.721391],"iteration":820,"passed_time":15.30541525,"remaining_time":3.336990657},
{"learn":[2865.664936],"iteration":821,"passed_time":15.32733266,"remaining_time":3.319057437},
{"learn":[2865.630016],"iteration":822,"passed_time":15.34588861,"remaining_time":3.300391596},
{"learn":[2865.560905],"iteration":823,"passed_time":15.36407288,"remaining_time":3.281646635},
{"learn":[2865.539792],"iteration":824,"passed_time":15.38022276,"remaining_time":3.262471494},
{"learn":[2865.493564],"iteration":825,"passed_time":15.39762725,"remaining_time":3.243567968},
{"learn":[2865.400325],"iteration":826,"passed_time":15.41441817,"remaining_time":3.224539715},
{"learn":[2865.344431],"iteration":827,"passed_time":15.43296976,"remaining_time":3.205882606},
{"learn":[2865.321686],"iteration":828,"passed_time":15.45026153,"remaining_time":3.186965889},
{"learn":[2865.272623],"iteration":829,"passed_time":15.46725051,"remaining_time":3.167991068},
{"learn":[2865.192318],"iteration":830,"passed_time":15.48524381,"remaining_time":3.149225275},
{"learn":[2865.148495],"iteration":831,"passed_time":15.50331211,"remaining_time":3.130476484},
{"learn":[2865.025994],"iteration":832,"passed_time":15.52280815,"remaining_time":3.11201556},
{"learn":[2864.958712],"iteration":833,"passed_time":15.5407263,"remaining_time":3.093238089},
{"learn":[2864.913711],"iteration":834,"passed_time":15.56526568,"remaining_time":3.075771062},
{"learn":[2864.788985],"iteration":835,"passed_time":15.5940384,"remaining_time":3.059117582},
{"learn":[2864.742357],"iteration":836,"passed_time":15.61848682,"remaining_time":3.041593012},
{"learn":[2864.639122],"iteration":837,"passed_time":15.64168669,"remaining_time":3.023810553},
{"learn":[2864.595728],"iteration":838,"passed_time":15.66116214,"remaining_time":3.005300483},
{"learn":[2864.54609],"iteration":839,"passed_time":15.67914877,"remaining_time":2.986504527},
{"learn":[2864.483026],"iteration":840,"passed_time":15.69547019,"remaining_time":2.967395671},
{"learn":[2864.418537],"iteration":841,"passed_time":15.71183804,"remaining_time":2.94830215},
{"learn":[2864.365489],"iteration":842,"passed_time":15.72908839,"remaining_time":2.929379451},
{"learn":[2864.280834],"iteration":843,"passed_time":15.74678651,"remaining_time":2.910543479},
{"learn":[2864.195876],"iteration":844,"passed_time":15.76435275,"remaining_time":2.891686008},
{"learn":[2864.162564],"iteration":845,"passed_time":15.78069313,"remaining_time":2.872608443},
{"learn":[2864.04383],"iteration":846,"passed_time":15.79920252,"remaining_time":2.853929145},
{"learn":[2863.996784],"iteration":847,"passed_time":15.81737494,"remaining_time":2.835189848},
{"learn":[2863.953116],"iteration":848,"passed_time":15.83530928,"remaining_time":2.816409541},
{"learn":[2863.878017],"iteration":849,"passed_time":15.8537127,"remaining_time":2.797714006},
{"learn":[2863.779502],"iteration":850,"passed_time":15.87257271,"remaining_time":2.7790991},
{"learn":[2863.723949],"iteration":851,"passed_time":15.89318794,"remaining_time":2.760788516},
{"learn":[2863.685992],"iteration":852,"passed_time":15.91195173,"remaining_time":2.742153464},
{"learn":[2863.631599],"iteration":853,"passed_time":15.92940128,"remaining_time":2.723293427},
{"learn":[2863.582799],"iteration":854,"passed_time":15.94904978,"remaining_time":2.704809612},
{"learn":[2863.540012],"iteration":855,"passed_time":15.9698053,"remaining_time":2.686509302},
{"learn":[2863.336445],"iteration":856,"passed_time":15.99102251,"remaining_time":2.668280301},
{"learn":[2863.280786],"iteration":857,"passed_time":16.01065193,"remaining_time":2.649781555},
{"learn":[2863.196671],"iteration":858,"passed_time":16.03075868,"remaining_time":2.631358526},
{"learn":[2863.120524],"iteration":859,"passed_time":16.04750729,"remaining_time":2.612384908},
{"learn":[2863.068295],"iteration":860,"passed_time":16.0655565,"remaining_time":2.593626426},
{"learn":[2862.998],"iteration":861,"passed_time":16.08238107,"remaining_time":2.574673536},
{"learn":[2862.936077],"iteration":862,"passed_time":16.09891133,"remaining_time":2.555678855},
{"learn":[2862.896436],"iteration":863,"passed_time":16.11542597,"remaining_time":2.536687421},
{"learn":[2862.733321],"iteration":864,"passed_time":16.1333624,"remaining_time":2.517923612},
{"learn":[2862.688798],"iteration":865,"passed_time":16.15030775,"remaining_time":2.499008358},
{"learn":[2862.628518],"iteration":866,"passed_time":16.16958927,"remaining_time":2.480456024},
{"learn":[2862.592874],"iteration":867,"passed_time":16.1876088,"remaining_time":2.461710094},
{"learn":[2862.529134],"iteration":868,"passed_time":16.2064917,"remaining_time":2.443095987},
{"learn":[2862.470272],"iteration":869,"passed_time":16.22728701,"remaining_time":2.424767024},
{"learn":[2862.405346],"iteration":870,"passed_time":16.25526928,"remaining_time":2.407496828},
{"learn":[2862.363757],"iteration":871,"passed_time":16.27813392,"remaining_time":2.389450851},
{"learn":[2862.318234],"iteration":872,"passed_time":16.29939342,"remaining_time":2.371160326},
{"learn":[2862.231163],"iteration":873,"passed_time":16.32239062,"remaining_time":2.353113522},
{"learn":[2862.184793],"iteration":874,"passed_time":16.34276061,"remaining_time":2.334680087},
{"learn":[2862.14584],"iteration":875,"passed_time":16.36152413,"remaining_time":2.316014832},
{"learn":[2862.047862],"iteration":876,"passed_time":16.37879663,"remaining_time":2.297140234},
{"learn":[2862.00264],"iteration":877,"passed_time":16.39471243,"remaining_time":2.278080771},
{"learn":[2861.923153],"iteration":878,"passed_time":16.41235498,"remaining_time":2.259266158},
{"learn":[2861.874198],"iteration":879,"passed_time":16.42860805,"remaining_time":2.240264734},
{"learn":[2861.823726],"iteration":880,"passed_time":16.4458314,"remaining_time":2.221400609},
{"learn":[2861.727203],"iteration":881,"passed_time":16.46477703,"remaining_time":2.202770623},
{"learn":[2861.662448],"iteration":882,"passed_time":16.48248028,"remaining_time":2.183975303},
{"learn":[2861.597769],"iteration":883,"passed_time":16.50050745,"remaining_time":2.16522496},
{"learn":[2861.55195],"iteration":884,"passed_time":16.51916549,"remaining_time":2.146558228},
{"learn":[2861.513761],"iteration":885,"passed_time":16.53795742,"remaining_time":2.127908743},
{"learn":[2861.441296],"iteration":886,"passed_time":16.55693701,"remaining_time":2.109282844},
{"learn":[2861.315054],"iteration":887,"passed_time":16.57468156,"remaining_time":2.090500376},
{"learn":[2861.246032],"iteration":888,"passed_time":16.5933649,"remaining_time":2.071837462},
{"learn":[2861.176018],"iteration":889,"passed_time":16.61492364,"remaining_time":2.053529888},
{"learn":[2861.114584],"iteration":890,"passed_time":16.63513529,"remaining_time":2.035050221},
{"learn":[2861.089833],"iteration":891,"passed_time":16.65400239,"remaining_time":2.016403876},
{"learn":[2861.03119],"iteration":892,"passed_time":16.67274028,"remaining_time":1.997741557},
{"learn":[2860.977949],"iteration":893,"passed_time":16.69281052,"remaining_time":1.979237042},
{"learn":[2860.938133],"iteration":894,"passed_time":16.70955661,"remaining_time":1.960339043},
{"learn":[2860.911537],"iteration":895,"passed_time":16.72584302,"remaining_time":1.941392493},
{"learn":[2860.839919],"iteration":896,"passed_time":16.74355774,"remaining_time":1.922615883},
{"learn":[2860.776599],"iteration":897,"passed_time":16.76128502,"remaining_time":1.903843065},
{"learn":[2860.699414],"iteration":898,"passed_time":16.77802315,"remaining_time":1.884961443},
{"learn":[2860.63103],"iteration":899,"passed_time":16.79484901,"remaining_time":1.866094335},
{"learn":[2860.595635],"iteration":900,"passed_time":16.81257903,"remaining_time":1.847331104},
{"learn":[2860.557447],"iteration":901,"passed_time":16.83004625,"remaining_time":1.82854161},
{"learn":[2860.517729],"iteration":902,"passed_time":16.8481203,"remaining_time":1.809820232},
{"learn":[2860.469367],"iteration":903,"passed_time":16.8660612,"remaining_time":1.791086145},
{"learn":[2860.42814],"iteration":904,"passed_time":16.88448765,"remaining_time":1.772404781},
{"learn":[2860.335221],"iteration":905,"passed_time":16.90487505,"remaining_time":1.753927434},
{"learn":[2860.25944],"iteration":906,"passed_time":16.93098204,"remaining_time":1.736032337},
{"learn":[2860.191539],"iteration":907,"passed_time":16.95741007,"remaining_time":1.718151682},
{"learn":[2860.140737],"iteration":908,"passed_time":16.98165284,"remaining_time":1.700033452},
{"learn":[2860.081844],"iteration":909,"passed_time":17.00333949,"remaining_time":1.68164896},
{"learn":[2860.024083],"iteration":910,"passed_time":17.02222238,"remaining_time":1.662983306},
{"learn":[2859.933755],"iteration":911,"passed_time":17.04061501,"remaining_time":1.644269869},
{"learn":[2859.885627],"iteration":912,"passed_time":17.05667902,"remaining_time":1.62533524},
{"learn":[2859.814233],"iteration":913,"passed_time":17.07384475,"remaining_time":1.606510557},
{"learn":[2859.780792],"iteration":914,"passed_time":17.09005428,"remaining_time":1.587600671},
{"learn":[2859.740781],"iteration":915,"passed_time":17.10737862,"remaining_time":1.568798913},
{"learn":[2859.626241],"iteration":916,"passed_time":17.12427328,"remaining_time":1.549961485},
{"learn":[2859.591739],"iteration":917,"passed_time":17.14130489,"remaining_time":1.531140524},
{"learn":[2859.52066],"iteration":918,"passed_time":17.15898809,"remaining_time":1.512380887},
{"learn":[2859.446655],"iteration":919,"passed_time":17.17665613,"remaining_time":1.493622272},
{"learn":[2859.385382],"iteration":920,"passed_time":17.19367637,"remaining_time":1.47481046},
{"learn":[2859.292556],"iteration":921,"passed_time":17.21126472,"remaining_time":1.456050595},
{"learn":[2859.235625],"iteration":922,"passed_time":17.2290239,"remaining_time":1.437307519},
{"learn":[2859.161322],"iteration":923,"passed_time":17.24726601,"remaining_time":1.418606295},
{"learn":[2859.116817],"iteration":924,"passed_time":17.26604393,"remaining_time":1.399949508},
{"learn":[2859.072068],"iteration":925,"passed_time":17.28280519,"remaining_time":1.3811313},
{"learn":[2859.006502],"iteration":926,"passed_time":17.30121693,"remaining_time":1.362447504},
{"learn":[2858.961968],"iteration":927,"passed_time":17.31955071,"remaining_time":1.343758245},
{"learn":[2858.885673],"iteration":928,"passed_time":17.34105764,"remaining_time":1.325312263},
{"learn":[2858.821631],"iteration":929,"passed_time":17.36299901,"remaining_time":1.306892398},
{"learn":[2858.748287],"iteration":930,"passed_time":17.38263511,"remaining_time":1.288294117},
{"learn":[2858.671098],"iteration":931,"passed_time":17.40159525,"remaining_time":1.269644288},
{"learn":[2858.632526],"iteration":932,"passed_time":17.41939685,"remaining_time":1.250910599},
{"learn":[2858.592874],"iteration":933,"passed_time":17.43518065,"remaining_time":1.23203632},
{"learn":[2858.522802],"iteration":934,"passed_time":17.45187433,"remaining_time":1.213231905},
{"learn":[2858.478332],"iteration":935,"passed_time":17.46910122,"remaining_time":1.19446846},
{"learn":[2858.416583],"iteration":936,"passed_time":17.48844172,"remaining_time":1.175850404},
{"learn":[2858.382201],"iteration":937,"passed_time":17.50500421,"remaining_time":1.157047187},
{"learn":[2858.307468],"iteration":938,"passed_time":17.52240765,"remaining_time":1.138303373},
{"learn":[2858.281277],"iteration":939,"passed_time":17.53958435,"remaining_time":1.119547937},
{"learn":[2858.159022],"iteration":940,"passed_time":17.55806662,"remaining_time":1.100877716},
{"learn":[2858.117447],"iteration":941,"passed_time":17.57789608,"remaining_time":1.082290841},
{"learn":[2858.070471],"iteration":942,"passed_time":17.59646574,"remaining_time":1.063625183},
{"learn":[2858.018093],"iteration":943,"passed_time":17.62076555,"remaining_time":1.045299651},
{"learn":[2857.955195],"iteration":944,"passed_time":17.64560655,"remaining_time":1.026992974},
{"learn":[2857.864706],"iteration":945,"passed_time":17.66977505,"remaining_time":1.008634094},
{"learn":[2857.814628],"iteration":946,"passed_time":17.69233835,"remaining_time":0.9901731072},
{"learn":[2857.772134],"iteration":947,"passed_time":17.71066355,"remaining_time":0.9714709966},
{"learn":[2857.72238],"iteration":948,"passed_time":17.72901301,"remaining_time":0.9527709838},
{"learn":[2857.683979],"iteration":949,"passed_time":17.74542753,"remaining_time":0.9339698701},
{"learn":[2857.621319],"iteration":950,"passed_time":17.76277279,"remaining_time":0.9152217314},
{"learn":[2857.567622],"iteration":951,"passed_time":17.77967337,"remaining_time":0.8964541195},
{"learn":[2857.518178],"iteration":952,"passed_time":17.7957969,"remaining_time":0.8776521032},
{"learn":[2857.475461],"iteration":953,"passed_time":17.81382176,"remaining_time":0.8589473806},
{"learn":[2857.431085],"iteration":954,"passed_time":17.83170324,"remaining_time":0.8402373255},
{"learn":[2857.294122],"iteration":955,"passed_time":17.8501948,"remaining_time":0.8215570829},
{"learn":[2857.237092],"iteration":956,"passed_time":17.86869348,"remaining_time":0.8028775546},
{"learn":[2857.134013],"iteration":957,"passed_time":17.88770566,"remaining_time":0.7842209163},
{"learn":[2857.108914],"iteration":958,"passed_time":17.90655853,"remaining_time":0.7655567253},
{"learn":[2857.058523],"iteration":959,"passed_time":17.92422973,"remaining_time":0.7468429052},
{"learn":[2856.869813],"iteration":960,"passed_time":17.94394105,"remaining_time":0.728214049},
{"learn":[2856.780325],"iteration":961,"passed_time":17.96400302,"remaining_time":0.7095967928},
{"learn":[2856.734568],"iteration":962,"passed_time":17.98258821,"remaining_time":0.6909197963},
{"learn":[2856.671597],"iteration":963,"passed_time":18.0011571,"remaining_time":0.6722423812},
{"learn":[2856.618928],"iteration":964,"passed_time":18.01984444,"remaining_time":0.6535694875},
{"learn":[2856.583177],"iteration":965,"passed_time":18.04390189,"remaining_time":0.6350855739},
{"learn":[2856.539196],"iteration":966,"passed_time":18.06566276,"remaining_time":0.6165117592},
{"learn":[2856.499588],"iteration":967,"passed_time":18.08367045,"remaining_time":0.5978072875},
{"learn":[2856.408246],"iteration":968,"passed_time":18.10156435,"remaining_time":0.5791006138},
{"learn":[2856.369468],"iteration":969,"passed_time":18.11862469,"remaining_time":0.5603698359},
{"learn":[2856.320537],"iteration":970,"passed_time":18.13646089,"remaining_time":0.5416656701},
{"learn":[2856.285126],"iteration":971,"passed_time":18.15418884,"remaining_time":0.5229601722},
{"learn":[2856.208133],"iteration":972,"passed_time":18.17228538,"remaining_time":0.504266912},
{"learn":[2856.11712],"iteration":973,"passed_time":18.18935572,"remaining_time":0.4855474832},
{"learn":[2856.061535],"iteration":974,"passed_time":18.20707628,"remaining_time":0.4668481098},
{"learn":[2856.008698],"iteration":975,"passed_time":18.2252033,"remaining_time":0.448160737},
{"learn":[2855.958222],"iteration":976,"passed_time":18.24431044,"remaining_time":0.4294975846},
{"learn":[2855.91153],"iteration":977,"passed_time":18.26285802,"remaining_time":0.410820937},
{"learn":[2855.850603],"iteration":978,"passed_time":18.2804925,"remaining_time":0.3921249668},
{"learn":[2855.810699],"iteration":979,"passed_time":18.30097892,"remaining_time":0.3734893657},
{"learn":[2855.781979],"iteration":980,"passed_time":18.32366795,"remaining_time":0.3548926514},
{"learn":[2855.717363],"iteration":981,"passed_time":18.34620977,"remaining_time":0.3362849042},
{"learn":[2855.673327],"iteration":982,"passed_time":18.3688104,"remaining_time":0.3176701698},
{"learn":[2855.638792],"iteration":983,"passed_time":18.39199059,"remaining_time":0.2990567575},
{"learn":[2855.525978],"iteration":984,"passed_time":18.41391985,"remaining_time":0.2804150231},
{"learn":[2855.455557],"iteration":985,"passed_time":18.4321807,"remaining_time":0.2617145333},
{"learn":[2855.415009],"iteration":986,"passed_time":18.450186,"remaining_time":0.2430115684},
{"learn":[2855.381342],"iteration":987,"passed_time":18.46699726,"remaining_time":0.2242955133},
{"learn":[2855.356491],"iteration":988,"passed_time":18.48487705,"remaining_time":0.2055951947},
{"learn":[2855.238136],"iteration":989,"passed_time":18.50297886,"remaining_time":0.1868987763},
{"learn":[2855.154698],"iteration":990,"passed_time":18.52166346,"remaining_time":0.1682088508},
{"learn":[2855.116895],"iteration":991,"passed_time":18.53907082,"remaining_time":0.1495086357},
{"learn":[2855.064846],"iteration":992,"passed_time":18.55663524,"remaining_time":0.1308121316},
{"learn":[2855.026505],"iteration":993,"passed_time":18.57402304,"remaining_time":0.1121168393},
{"learn":[2854.989841],"iteration":994,"passed_time":18.5923889,"remaining_time":0.09342908993},
{"learn":[2854.949039],"iteration":995,"passed_time":18.61025682,"remaining_time":0.07473998721},
{"learn":[2854.929887],"iteration":996,"passed_time":18.62745829,"remaining_time":0.05605052646},
{"learn":[2854.891885],"iteration":997,"passed_time":18.64771897,"remaining_time":0.0373701783},
{"learn":[2854.842679],"iteration":998,"passed_time":18.6662838,"remaining_time":0.01868496876},
{"learn":[2854.784486],"iteration":999,"passed_time":18.68491847,"remaining_time":0}
]}